Workbook

Sheet Umumiy
A1: Sun'iy izohlar dataseti: frazeologik iboralar va ko'chma ma'noli so'zlar
A2: Izohlar leksikondagi ma'noga mos qilib qo'lda yozilgan va lexicon.py bilan tekshirilgan; har bir birlik datasetda bir marta uchraydi.
A4: Sentiment
A5: Sentiment | B5: Frazeologik | C5: Ko'chma | D5: Jami
A6: ijobiy | B6: =COUNTIF(Frazeologik!$G$2:$G$1001,A6) -> 281 | C6: =COUNTIF('Ko''chma'!$G$2:$G$1001,A6) -> 409 | D6: =B6+C6 -> 690
A7: salbiy | B7: =COUNTIF(Frazeologik!$G$2:$G$1001,A7) -> 565 | C7: =COUNTIF('Ko''chma'!$G$2:$G$1001,A7) -> 444 | D7: =B7+C7 -> 1009
A8: neytral | B8: =COUNTIF(Frazeologik!$G$2:$G$1001,A8) -> 154 | C8: =COUNTIF('Ko''chma'!$G$2:$G$1001,A8) -> 147 | D8: =B8+C8 -> 301
A9: Jami | B9: =SUM(B6:B8) -> 1000 | C9: =SUM(C6:C8) -> 1000 | D9: =SUM(D6:D8) -> 2000
A11: Emotsiya
A12: Emotsiya | B12: Frazeologik | C12: Ko'chma | D12: Jami
A13: xursandchilik | B13: =COUNTIF(Frazeologik!$H$2:$H$1001,A13) -> 170 | C13: =COUNTIF('Ko''chma'!$H$2:$H$1001,A13) -> 222 | D13: =B13+C13 -> 392
A14: g'azab | B14: =COUNTIF(Frazeologik!$H$2:$H$1001,A14) -> 172 | C14: =COUNTIF('Ko''chma'!$H$2:$H$1001,A14) -> 128 | D14: =B14+C14 -> 300
A15: qayg'u | B15: =COUNTIF(Frazeologik!$H$2:$H$1001,A15) -> 203 | C15: =COUNTIF('Ko''chma'!$H$2:$H$1001,A15) -> 126 | D15: =B15+C15 -> 329
A16: qo'rquv | B16: =COUNTIF(Frazeologik!$H$2:$H$1001,A16) -> 93 | C16: =COUNTIF('Ko''chma'!$H$2:$H$1001,A16) -> 62 | D16: =B16+C16 -> 155
A17: hayrat | B17: =COUNTIF(Frazeologik!$H$2:$H$1001,A17) -> 65 | C17: =COUNTIF('Ko''chma'!$H$2:$H$1001,A17) -> 92 | D17: =B17+C17 -> 157
A18: jirkanish | B18: =COUNTIF(Frazeologik!$H$2:$H$1001,A18) -> 109 | C18: =COUNTIF('Ko''chma'!$H$2:$H$1001,A18) -> 118 | D18: =B18+C18 -> 227
A19: neytral | B19: =COUNTIF(Frazeologik!$H$2:$H$1001,A19) -> 188 | C19: =COUNTIF('Ko''chma'!$H$2:$H$1001,A19) -> 252 | D19: =B19+C19 -> 440
A20: Jami | B20: =SUM(B13:B19) -> 1000 | C20: =SUM(C13:C19) -> 1000 | D20: =SUM(D13:D19) -> 2000
A22: Platforma
A23: Platforma | B23: Frazeologik | C23: Ko'chma | D23: Jami
A24: Telegram | B24: =COUNTIF(Frazeologik!$I$2:$I$1001,A24) -> 502 | C24: =COUNTIF('Ko''chma'!$I$2:$I$1001,A24) -> 537 | D24: =B24+C24 -> 1039
A25: Instagram | B25: =COUNTIF(Frazeologik!$I$2:$I$1001,A25) -> 346 | C25: =COUNTIF('Ko''chma'!$I$2:$I$1001,A25) -> 347 | D25: =B25+C25 -> 693
A26: YouTube | B26: =COUNTIF(Frazeologik!$I$2:$I$1001,A26) -> 152 | C26: =COUNTIF('Ko''chma'!$I$2:$I$1001,A26) -> 116 | D26: =B26+C26 -> 268
A27: Jami | B27: =SUM(B24:B26) -> 1000 | C27: =SUM(C24:C26) -> 1000 | D27: =SUM(D24:D26) -> 2000
A29: Tekshiruv holati
A30: Belgi | B30: Frazeologik | C30: Ko'chma | D30: Jami
A31: ha | B31: =COUNTIF(Frazeologik!$J$2:$J$1001,A31) -> 0 | C31: =COUNTIF('Ko''chma'!$J$2:$J$1001,A31) -> 0 | D31: =B31+C31 -> 0
A32: yo'q | B32: =COUNTIF(Frazeologik!$J$2:$J$1001,A32) -> 0 | C32: =COUNTIF('Ko''chma'!$J$2:$J$1001,A32) -> 0 | D32: =B32+C32 -> 0
A33: shubhali | B33: =COUNTIF(Frazeologik!$J$2:$J$1001,A33) -> 0 | C33: =COUNTIF('Ko''chma'!$J$2:$J$1001,A33) -> 0 | D33: =B33+C33 -> 0
A34: tekshirilmagan | B34: =COUNTBLANK(Frazeologik!$J$2:$J$1001) -> 1000 | C34: =COUNTBLANK('Ko''chma'!$J$2:$J$1001) -> 1000 | D34: =B34+C34 -> 2000

Sheet Frazeologik
A1: ID | B1: Izoh | C1: Birlik | D1: Topilgan parcha | E1: Ko'chma / frazeologik ma'nosi | F1: To'g'ri ma'nosi | G1: Sentiment | H1: Emotsiya | I1: Platforma | J1: Tekshiruv (ha / yo'q / shubhali) | K1: Leksikon manbasi
A2: F0001 | B2: Narxlar yana oshganini eshitib a'zoyi badanimdan sovuq ter chiqib ketdi, oylik o'sha-o'sha-ku | C2: a’zoyi badan(i)dan sovuq ter chiqib ketdi | D2: a'zoyi badanimdan sovuq ter chiqib ketdi | E2: ruhiyatida juda keskin o‘zgarish sodir bo‘ldi – ruhiyatini juda keskin o‘zgartirdi. | G2: salbiy | H2: qo'rquv | I2: Telegram | K2: frazeologik_lugat.csv, 31-bet
A3: F0002 | B3: Qaynonasining shu gapi kelinning a'zoyi badanidan o'tib ketgan bo'lsa kerak, sahnada ko'z yoshini zo'rg'a ushlab turdi | C3: a’zoyi badanidan o‘tib ketmoq | D3: a'zoyi badanidan o'tib ketgan | E3: o‘ta xafa bo‘lmoq. | G3: salbiy | H3: qayg'u | I3: YouTube | K3: frazeologik_lugat.csv, 31-bet
A4: F0003 | B4: Bunday bezorilarning adabini berib qo'yish kerak, yo'lda hammani so'kib yuribdi | C4: adab(i)ni bermoq | D4: adabini berib | E4: qilmishiga yarasha jazolamoq. | G4: salbiy | H4: g'azab | I4: Telegram | K4: frazeologik_lugat.csv, 32-bet
A5: F0004 | B5: Oxiri adabini yedi, endi boshqa birovning mashinasiga tegmasa kerak 😄 | C5: adab(i)ni yemoq | D5: adabini yedi | E5: qilmishiga yarasha jazo olmoq. | G5: ijobiy | H5: xursandchilik | I5: YouTube | K5: frazeologik_lugat.csv, 32-bet
A6: F0005 | B6: Bu yo'llarda yurib ado bo'ldik, uch yildan beri asfalt va'da qilishadi | C6: ado bo‘lmoq | D6: ado bo'ldik | E6: juda qiynalmoq, azoblanmoq, tugamoq. | G6: salbiy | H6: g'azab | I6: Telegram | K6: frazeologik_lugat.csv, 32-bet
A7: F0006 | B7: Kommentlarda millatlar orasiga adovat urug'ini sochayotganlar bor, adminlar bloklasin | C7: adovat urug‘ini sochmoq | D7: adovat urug'ini sochayotganlar | E7: ig‘vo tarqatmoq, gijgijlamoq, bir-biriga tezlamoq. | G7: salbiy | H7: g'azab | I7: Telegram | K7: frazeologik_lugat.csv, 33-bet
A8: F0007 | B8: Adresi yo'q gaplar bilan xalqni qo'rqitmang, manbasini ko'rsating | C8: adresi yo‘q | D8: Adresi yo'q | E8: betayin, tuturuqsiz. | G8: salbiy | H8: g'azab | I8: Telegram | K8: frazeologik_lugat.csv, 33-bet
A9: F0008 | B9: Bu bola aflotun miya ekan, 12 yoshida olimpiadada birinchi bo'libdi 👏 | C9: aflotun miya | D9: aflotun miya | E9: bilimdon, juda aqlli, donishmand. | G9: ijobiy | H9: hayrat | I9: YouTube | K9: frazeologik_lugat.csv, 33-bet
A10: F0009 | B10: Agar biror gapim noto'g'ri bo'lsa afv etinglar, maqsadim hech kimni xafa qilish emas edi | C10: afv etmoq | D10: afv etinglar | E10: (yoki QILMOQ) kechirmoq, uzrni qabul qilmoq, gunohidan o‘tmoq. | G10: neytral | H10: neytral | I10: Instagram | K10: frazeologik_lugat.csv, 33-bet
A11: F0010 | B11: Bu firma odamlarni ahmoq qilib pul yig'ib ketdi, ehtiyot bo'linglar | C11: ahmoq qilmoq | D11: ahmoq qilib | E11: laqillatmoq, aldamoq. | G11: salbiy | H11: g'azab | I11: Telegram | K11: frazeologik_lugat.csv, 34-bet
A12: F0011 | B12: Qishloqdagi o'qituvchilarning ahvoli tang, maosh uch oydan beri berilmagan | C12: ahvoli tang | D12: ahvoli tang | E12: juda qiyin ahvolda qolmoq. | G12: salbiy | H12: qayg'u | I12: Telegram | K12: frazeologik_lugat.csv, 34-bet
A13: F0012 | B13: Poraxo'r hokim ushlanibdi, ajab bo'ldi! Xalqning haqi ketmas ekan | C13: ajab bo‘ldi | D13: ajab bo'ldi | E13: (yoki BO‘PTI) juda yaxshi bo‘ldi, ko‘ngildagiday bo‘ldi (biror kimsa qilmishiga yarasha jazo olganda aytiladigan ibora). | G13: ijobiy | H13: xursandchilik | I13: Telegram | K13: frazeologik_lugat.csv, 34-bet
... A1001: F1000 | B1001: Hali maosh olmay chuchvarani xom sanayapsan | C1001: chuchvarani xom sanamoq | D1001: chuchvarani xom sanayapsan | E1001: xom xayol qilib yurmoq, xomtama bo‘lmoq. | G1001: neytral | H1001: neytral | I1001: Instagram | K1001: frazeologik_lugat.csv, 635-bet

Sheet Ko'chma
A1: ID | B1: Izoh | C1: Birlik | D1: Topilgan parcha | E1: Ko'chma / frazeologik ma'nosi | F1: To'g'ri ma'nosi | G1: Sentiment | H1: Emotsiya | I1: Platforma | J1: Tekshiruv (ha / yo'q / shubhali) | K1: Leksikon manbasi
A2: K0001 | B2: Yangi avlod smartfonlari eski modellardan ikki barobar tez ishlaydi | C2: avlod | D2: avlod | E2: Zamonaviy elektron-hisoblash mashinalarining va b. texnik jihozlarning yangilangan, takomillashgan turkumi. | F2: Ota-bobodan qolgan nasl (ajdodga nisbatan). | G2: ijobiy | H2: hayrat | I2: YouTube | K2: kochma_leksikon.csv, id=121, 4-ma'no
A3: K0002 | B3: Terma jamoa yutqazgan kuni butun mahallada aza bo'ldi 😔 | C3: aza | D3: aza | E3: Umuman, motam kabi holat; zid. toʻy, xursandchilik. | F3: Ayollarning mayyit chiqqan uyda yigʻi bilan oʻtkazadigan motam marosimi. | G3: salbiy | H3: qayg'u | I3: YouTube | K3: kochma_leksikon.csv, id=363, 3-ma'no
A4: K0003 | B4: Bu akildoq bloger har kuni bir janjal chiqaradi | C4: akildoq | D4: akildoq | E4: Boʻlar-boʻlmasga valdirayveradigan; vaysaqi. | F4: Boʻlar-boʻlmasga, unar-unmasga akillayveradigan, hadeb vovillayveradigan (it xaqida). | G4: salbiy | H4: jirkanish | I4: YouTube | K4: kochma_leksikon.csv, id=521, 2-ma'no
A5: K0004 | B5: Yuragimdagi muhabbat alangasi hali so'nmagan ❤️ | C5: alanga | D5: alangasi | E5: Oʻt oldiruvchi, joʻshqin jarayon; joʻshqinlik, hovur; yurakka oʻt soluvchi, yondiruvchi his-tuygʻu. | F5: Yonib turgan oʻtdan, olovdan koʻtarilayotgan yolqin. | G5: ijobiy | H5: xursandchilik | I5: Instagram | K5: kochma_leksikon.csv, id=598, 3-ma'no
A6: K0005 | B6: Nima deb alahlayapsan, bunday narsa umuman bo'lmagan | C6: alahlamoq | D6: alahlayapsan | E6: Tuturiqsiz, bemaʼni gap qilmoq. valdiramoq. | F6: Bosinqirab yoki isitmaning zoʻridan qovushmagan, noaniq soʻzlar soʻzlamoq. | G6: salbiy | H6: g'azab | I6: Instagram | K6: kochma_leksikon.csv, id=613, 2-ma'no
A7: K0006 | B7: Shu almisoqi hazillaringiz bilan qachongacha efirga chiqasiz? | C7: almisoqi | D7: almisoqi | E7: Siyqasi chiqqan, chaynalgan, koʻngilga urgan (gap, soʻz haqida). | F7: Qadimgi, burungi, juda eski. | G7: salbiy | H7: jirkanish | I7: YouTube | K7: kochma_leksikon.csv, id=696, 2-ma'no
A8: K0007 | B8: Svetoforlar ishlamay chorrahada haqiqiy anarxiya boshlandi | C8: anarxiya | D8: anarxiya | E8: Rahbarsizlik, boshboshdoqlik, beboshlik. | F8: Jamiyatning tashkilotchi hokimiyatning, hamma uchun majburiy qonunqoidalarning, odob-axloq meʼyorlarining yoʻqligi bilan xarakterlanuvchi holati; hokimiyatsizlik. | G8: salbiy | H8: g'azab | I8: Telegram | K8: kochma_leksikon.csv, id=820, 2-ma'no
A9: K0008 | B9: Chegirma kuni do'konda arasot bo'ldi, odamlar bir-birini itarib kirdi | C9: arasot | D9: arasot | E9: Shovqin-suron, ola-toʻpolon, qirgʻin-barot. | F9: Islom dinida aytilishicha, qiyomat qoyim boʻlganda, jamiki odamzod tirilib toʻplanadigan qoʻrqinchli dasht, qiyomat maydoni. | G9: salbiy | H9: hayrat | I9: Telegram | K9: kochma_leksikon.csv, id=1012, 2-ma'no
A10: K0009 | B10: Bu kitob o'qishga arziydi, har bir sahifasi durdona | C10: arzimoq | D10: arziydi | E10: Qiymati yoki ahamiyati jihatidan teng kelmoq, baravar boʻlmoq. | F10: Belgilangan yoki soʻralgan (olingan, sotilgan) narxga loyiq, mos boʻlmoq. | G10: ijobiy | H10: xursandchilik | I10: Instagram | K10: kochma_leksikon.csv, id=1048, 2-ma'no
A11: K0010 | B11: Bu qo'shiqchining muxlislar armiyasi juda katta 💪 | C11: armiya | D11: armiyasi | E11: Umumiy ish, umumiy maqsad bilan birlashgan kishilar. | F11: Davlatning barcha qurolli kuchlari majmui. | G11: ijobiy | H11: hayrat | I11: YouTube | K11: kochma_leksikon.csv, id=1093, 5-ma'no
A12: K0011 | B12: Chegarachilarimiz arslonday yigitlar, ular bilan faxrlanamiz | C12: arslon | D12: arslonday | E12: Bahodir, zabardast, dovyurak odam haqida (shu jonivorga nisbat beriladi). | F12: Mushuksimonlar oilasiga mansub bahaybat yirtqich sutemizuvchi hayvon; sher. | G12: ijobiy | H12: xursandchilik | I12: YouTube | K12: kochma_leksikon.csv, id=1112, 2-ma'no
A13: K0012 | B13: Juda artist ekansan, yolg'ondan yig'lab hammani ishontirding | C13: artist | D13: artist | E13: Biror ish-harakat, oʻyin va sh.k. ni artist kabi ijro etuvchi, uning hadisini olgan, artistga xos xatti-harakat, qiliqlarga ega shaxs. | F13: Sanʼat asarlarini tomoshabinlar uchun namoyish qiluvchi ijrochi. | G13: salbiy | H13: jirkanish | I13: Instagram | K13: kochma_leksikon.csv, id=1123, 2-ma'no
... A532: K0531 | B532: Qalbimdagi muhabbat po'rtanasi hali tinmagan | C532: poʻrtana | D532: po'rtanasi | E532: Tugʻyon, ehtiros. | F532: Kuchli dengiz toʻlqini, uzoq davom etadigan dovul, boʻron. | G532: ijobiy | H532: xursandchilik | I532: Instagram | K532: kochma_leksikon.csv, id=19380, 2-ma'no
A533: K0532 | B533: Bobom po'rtanali urush yillarini eslab yig'ladi | C533: poʻrtanali | D533: po'rtanali | E533: Tugʻyonli, ehtirosli, joʻshqin. | G533: salbiy | H533: qayg'u | I533: YouTube | K533: kochma_leksikon.csv, id=19381, 1-ma'no
A534: K0533 | B534: Ko'nglida qavarib turgan alamini aytib yubordi | C534: qavarmoq | D534: qavarib | E534: Etilib, pishib, yaqqol sezilib boʻrtib turmoq. | F534: Ishlash, ishqalanish yoki kuyish natijasida qavariq hosil boʻlmoq. | G534: salbiy | H534: g'azab | I534: Instagram | K534: kochma_leksikon.csv, id=19433, 3-ma'no
A535: K0534 | B535: Bu islohot ta'lim sohasida katta qadam bo'ldi | C535: qadam | D535: qadam | E535: Ish-faoliyat, rivojlanish va sh.k. da olgʻa siljish, ilgarilash. | F535: Yurish jarayonidagi har bir oyoq tashlash, oyoq bosish; odim. | G535: ijobiy | H535: xursandchilik | I535: Telegram | K535: kochma_leksikon.csv, id=19454, 3-ma'no
A536: K0535 | B536: Imom Buxoriy majmuasi ziyoratchilar uchun qadamjoy | C536: qadamjoy | D536: qadamjoy | E536: Koʻrish, biror narsa oʻrgʻanish, namuna olish uchun boriladigan serfayz yoki aziz joy. | F536: 12. 4 f. 56243 — (avliyolar) qadami tekkan joy) din. | G536: ijobiy | H536: neytral | I536: Telegram | K536: kochma_leksikon.csv, id=19458, 2-ma'no
A537: K0536 | B537: Otasining nasihati uni yomon yo'ldan qayirdi | C537: qayirmoq | D537: qayirdi | E537: Yomon yoʻldan qaytarmoq; oʻz yoʻliga solmoq. | F537: Bukib qavatlamoq, bukib qavatlab qoʻymoq, qaytarmoq. | G537: ijobiy | H537: xursandchilik | I537: Instagram | K537: kochma_leksikon.csv, id=19545, 5-ma'no
A538: K0537 | B538: Bu universitetga mamlakatning qaymog'i yig'ilgan | C538: qaymoq | D538: qaymog'i | E538: Kishi yoki narsalarning eng yaxshi qismi, sarasi, asillari. | F538: Bir necha vaqt turgan, saqlangan sut betida paydo boʻladigan yoki sutdan separator yordamida yoki boshqa yoʻl bilan ajratib olingan quyuq, yogʻli mahsulot. | G538: ijobiy | H538: hayrat | I538: Telegram | K538: kochma_leksikon.csv, id=19555, 2-ma'no
A539: K0538 | B539: Suhbat qaymoqlashib, yarim kechagacha o'tirdik | C539: qaymoqlashmoq | D539: qaymoqlashib | E539: Quyuqlashmoq; kuchaymoq; koʻngilli, yoqimli tus olmoq. | F539: Quyuq suhbatlashmoq, gurunglashmoq, quyuq suhbat bilan vaqt oʻtkazmoq. | G539: ijobiy | H539: xursandchilik | I539: Instagram | K539: kochma_leksikon.csv, id=19558, 2-ma'no
A540: K0539 | B540: Choynak qaynab, hushtak chalib yubordi | C540: qaynamoq | D540: qaynab | E540: Qaynagan holatni bildiruvchi tovush chiqarmoq (ichida suv, suyuqlik boʻlgan idish haqida). | F540: Kuchli issiqdan koʻpirib, bugʻlanib vaqirlab turmoq. | G540: neytral | H540: neytral | I540: Instagram | K540: kochma_leksikon.csv, id=19563, 2-ma'no
A541: K0540 | B541: Ba'zi kuchlar xalqni hukumatga qarshi qayramoqda | C541: qayramoq | D541: qayramoqda | E541: Biror kimsa, tashkilot, mamlakat va sh.k. ni boshqasiga qarshi gijgijlamoq, tezlamoq, xezlamoq, oyoqlantirmoq. | F541: Tosh yoki boshqa narsaga ishqab oʻtkirlamoq, charxlab, oʻtkir, keskir qilmoq. | G541: salbiy | H541: g'azab | I541: Telegram | K541: kochma_leksikon.csv, id=19575, 3-ma'no
A542: K0541 | B542: Muammomizga hech kim qayrilib ham qaramadi | C542: qayrilmoq | D542: qayrilib | E542: Eʼtibor berib qaramoq, parvo qilmoq, iltifot koʻrsatmoq. | F542: Qayirmoq fl. oʻzl. va majh. n. | G542: salbiy | H542: g'azab | I542: Telegram | K542: kochma_leksikon.csv, id=19579, 4-ma'no
A543: K0542 | B543: Kitob — aqlning qayrog'i | C543: qayroq | D543: qayrog'i | E543: Umuman, oʻtkirlovchi, charxlovchi narsa. | F543: Kesuvchi asboblarning tigʻini oʻtkir qilish uchun ishlatiladigan, odatda, uzunchoq va yapaloqroq silliq yoki maxsus ishlangan tosh. | G543: ijobiy | H543: neytral | I543: Instagram | K543: kochma_leksikon.csv, id=19580, 3-ma'no
A544: K0543 | B544: Asosiy mavzuga qaytsak, narxlar haqida gapirayotgan edik | C544: qaytmoq | D544: qaytsak | E544: Yana oldin boʻlgan ishga, aytilgan gap, fikr va sh.k. ga kelmoq. | F544: Kelgan yoki kelayotgan tomoniga yoʻnalmoq, yurmoq; aylanib dastlabki eriga kelmoq. | G544: neytral | H544: neytral | I544: Telegram | K544: kochma_leksikon.csv, id=19611, 2-ma'no
A545: K0544 | B545: Bu yozuvchining qalami o'tkir | C545: qalam | D545: qalami | E545: Yozma asar ijod etish; yozma ijod, ijod. | F545: Oʻrtasiga ingichka, uzun grafit joylangan choʻp shaklidagi, xat yozish, rasm solish, chizma chizish uchun ishlatiladigan yozuv, chizuv asbobi. | G545: ijobiy | H545: hayrat | I545: YouTube | K545: kochma_leksikon.csv, id=19629, 4-ma'no
... A1001: K1000 | B1001: Bu xabardan yuragim muzlab qoldi | C1001: muzlamoq | D1001: muzlab | E1001: His-sezgisiz holga tushmoq; qotib qolmoq. | F1001: Muzga aylanmoq, muz hosil qilmoq, muz qoplamoq. | G1001: salbiy | H1001: qo'rquv | I1001: Instagram | K1001: kochma_leksikon.csv, id=15231, 3-ma'no
