Workbook

Sheet Umumiy
A1: Frazeologik va ko'chma ma'noli birliklar qatnashgan izohlar
A2: Manba: GitHub'dagi ochiq datasetlar (Google Play ilova sharhlari, UzABSA restoran sharhlari). Leksikonlar: frazeologik_lugat.csv, kochma_leksikon.csv.
A4: 1. Manbalar bo'yicha
A5: Manba | B5: Jami izoh | C5: Mos izohlar | D5: Ulushi
A6: Google Play | B6: =COUNTIF('Barcha izohlar'!$C$2:$C$5371,A6) -> 3719 | C6: =COUNTIFS('Barcha izohlar'!$C$2:$C$5371,A6,'Barcha izohlar'!$F$2:$F$5371,"ha") -> 1142 | D6: =IF(B6=0,0,C6/B6) -> 0.30707179
A7: Restoran | B7: =COUNTIF('Barcha izohlar'!$C$2:$C$5371,A7) -> 1651 | C7: =COUNTIFS('Barcha izohlar'!$C$2:$C$5371,A7,'Barcha izohlar'!$F$2:$F$5371,"ha") -> 607 | D7: =IF(B7=0,0,C7/B7) -> 0.36765597
A8: Jami | B8: =SUM(B6:B7) -> 5370 | C8: =SUM(C6:C7) -> 1749 | D8: =IF(B8=0,0,C8/B8) -> 0.32569832
A10: 2. Leksikonlar bo'yicha va tekshiruv holati
A11: Varaq | B11: Mosliklar | C11: ha | D11: yo'q | E11: Tekshirilmagan
A12: Frazeologik iboralar | B12: =COUNTA(Iboralar!$A$2:$A$433) -> 432 | C12: =COUNTIF(Iboralar!$J$2:$J$433,"ha") -> 0 | D12: =COUNTIF(Iboralar!$J$2:$J$433,"yo'q") -> 0 | E12: =COUNTBLANK(Iboralar!$J$2:$J$433) -> 432
A13: Ko'chma so'zlar | B13: =COUNTA('Ko''chma so''zlar'!$A$2:$A$1929) -> 1928 | C13: =COUNTIF('Ko''chma so''zlar'!$J$2:$J$1929,"ha") -> 0 | D13: =COUNTIF('Ko''chma so''zlar'!$J$2:$J$1929,"yo'q") -> 0 | E13: =COUNTBLANK('Ko''chma so''zlar'!$J$2:$J$1929) -> 1928
A15: 3. Eng ko'p uchragan frazeologik iboralar
A16: Ibora | B16: Soni
A17: yaxshi ko‘rmoq | B17: =COUNTIF(Iboralar!$G$2:$G$433,A17) -> 60
A18: maslahat bermoq | B18: =COUNTIF(Iboralar!$G$2:$G$433,A18) -> 35
A19: tashrif buyurmoq | B19: =COUNTIF(Iboralar!$G$2:$G$433,A19) -> 28
A20: to‘g‘ri kelgan | B20: =COUNTIF(Iboralar!$G$2:$G$433,A20) -> 16
A21: amalga oshmoq amalga oshirmoq | B21: =COUNTIF(Iboralar!$G$2:$G$433,A21) -> 15
A22: javob bermoq | B22: =COUNTIF(Iboralar!$G$2:$G$433,A22) -> 15
A23: e’tibor bermoq | B23: =COUNTIF(Iboralar!$G$2:$G$433,A23) -> 12
A24: mos kelmoq | B24: =COUNTIF(Iboralar!$G$2:$G$433,A24) -> 11
A25: ma’lumot bermoq | B25: =COUNTIF(Iboralar!$G$2:$G$433,A25) -> 10
A26: yo‘l qo‘ymoq | B26: =COUNTIF(Iboralar!$G$2:$G$433,A26) -> 8
A27: ish(i) tushdi | B27: =COUNTIF(Iboralar!$G$2:$G$433,A27) -> 8
A28: ish(i) tushdi ishga tushirmoq kim? nimani? (varianti: ishga tushmoq) | B28: =COUNTIF(Iboralar!$G$2:$G$433,A28) -> 8
... A36: buning ustiga | B36: =COUNTIF(Iboralar!$G$2:$G$433,A36) -> 4
A38: Qanday ishlatiladi
A39: • Iboralar va Ko'chma so'zlar varaqlarida sariq ustun - annotator to'ldiradi.
A40: • Tekshiruv: ro'yxatdan ha / yo'q / shubhali tanlang; qator yashil yoki qizil rangga kiradi.
A41: • Izoh matnida topilgan parcha qizil qalin harf bilan ajratilgan.
A42: • Ko'chma so'zlar ko'pincha to'g'ri ma'noda keladi - ularni ayniqsa diqqat bilan tekshiring.
A43: • Har ustun sarlavhasida filtr bor; bitta izohda bir nechta birlik bo'lsa, u bir necha qatorda keladi.

Sheet Iboralar
A1: № | B1: Izoh ID | C1: Manba | D1: Sentiment | E1: Izoh matni | F1: Topilgan parcha | G1: Leksikon birligi | H1: Lug'aviy izoh (ma'nosi) | I1: Lug'at sahifasi | J1: Tekshiruv (ha / yo'q / shubhali) | K1: Annotator izohi
A2: 1 | B2: gp_pos_4 | C2: Google Play | D2: ijobiy | E2: Ajoyib application Gap bolishi mumkinmas. Juda ham zo'r | F2: gap bolishi | G2: gap bo‘lmoq | H2: GAP | I2: 169
A3: 2 | B3: gp_pos_15 | C3: Google Play | D3: ijobiy | E3: Yashang! :-) Baraka toping! :-) | F3: baraka toping | G3: baraka top(gur) baraka topmaslik | H3: omad tilab tahsin bildirmoq. ijobiy, foydali natijaga erishmaslik. | I3: 61
A4: 3 | B4: gp_pos_19 | C4: Google Play | D4: ijobiy | E4: Taklif Agarda u halqaro qilib tuzilganda boshqa millat vakillari ham O'zbek milliy taomlariga baho berishgan bÃ¶lardi. Lekin, dastur uchun RESPECT!!! | F4: baho berishgan | G4: baho bermoq | H4: qadr-qiymatini belgilamoq, baholamoq. | I4: 56
A5: 4 | B5: gp_pos_25 | C5: Google Play | D5: ijobiy | E5: Men seni juda yaxshi ko'rgan narsamni pishirishingiz mumkin, agar bo'sh vaqtingiz bo'lsa, biron narsa tayyorlashingiz mumkin | F5: yaxshi ko'rgan | G5: yaxshi ko‘rmoq | H5: 1) kim? kimni? sevmoq, oshiq-ma’shuq bo‘lmoq (qiz bilan yigit, er bilan xotin). 2) kim? kimni? sevmoq, izzat-hurmat qilmoq (ona bolani, aka ukani). 3) kim? nimani? ba’zan nima? kimni? yoqtirmoq. | I5: 546
A6: 5 | B6: gp_pos_112 | C6: Google Play | D6: ijobiy | E6: Gap bo'lishi mumkin emas | F6: gap bo'lishi | G6: gap bo‘lmoq | H6: GAP | I6: 169
A7: 6 | B7: gp_pos_131 | C7: Google Play | D7: ijobiy | E7: Zo'r dastur. To'lovlarni amalga oshirish uchun juda qulay. Hamma narsa A + ni osonlashtirdi | F7: amalga oshirish | G7: amalga oshmoq amalga oshirmoq | H7: voqelikka aylanmoq. | I7: 39
A8: 7 | B8: gp_pos_137 | C8: Google Play | D8: ijobiy | E8: Uni hozirda ishlatgan eng yaxshi ilovani yaxshi ko'rish | F8: yaxshi ko'rish | G8: yaxshi ko‘rmoq | H8: 1) kim? kimni? sevmoq, oshiq-ma’shuq bo‘lmoq (qiz bilan yigit, er bilan xotin). 2) kim? kimni? sevmoq, izzat-hurmat qilmoq (ona bolani, aka ukani). 3) kim? nimani? ba’zan nima? kimni? yoqtirmoq. | I8: 546
A9: 8 | B9: gp_pos_147 | C9: Google Play | D9: ijobiy | E9: To'liq telefonda 3 sekundda uni yaxshi ko'rishardi | F9: yaxshi ko'rishardi | G9: yaxshi ko‘rmoq | H9: 1) kim? kimni? sevmoq, oshiq-ma’shuq bo‘lmoq (qiz bilan yigit, er bilan xotin). 2) kim? kimni? sevmoq, izzat-hurmat qilmoq (ona bolani, aka ukani). 3) kim? nimani? ba’zan nima? kimni? yoqtirmoq. | I9: 546
A10: 9 | B10: gp_pos_169 | C10: Google Play | D10: ijobiy | E10: Bu ilovani yaxshi ko'raman. Hammaga tavsiya eting | F10: yaxshi ko'raman | G10: yaxshi ko‘rmoq | H10: 1) kim? kimni? sevmoq, oshiq-ma’shuq bo‘lmoq (qiz bilan yigit, er bilan xotin). 2) kim? kimni? sevmoq, izzat-hurmat qilmoq (ona bolani, aka ukani). 3) kim? nimani? ba’zan nima? kimni? yoqtirmoq. | I10: 546
A11: 10 | B11: gp_pos_170 | C11: Google Play | D11: ijobiy | E11: Bu ilovani yaxshi ko'raman | F11: yaxshi ko'raman | G11: yaxshi ko‘rmoq | H11: 1) kim? kimni? sevmoq, oshiq-ma’shuq bo‘lmoq (qiz bilan yigit, er bilan xotin). 2) kim? kimni? sevmoq, izzat-hurmat qilmoq (ona bolani, aka ukani). 3) kim? nimani? ba’zan nima? kimni? yoqtirmoq. | I11: 546
A12: 11 | B12: gp_pos_177 | C12: Google Play | D12: ijobiy | E12: Buning ustida ishlashing kerak | F12: buning ustida | G12: buning ustiga | H12: voqe bo‘lgani yetishmaganday yana. | I12: 112
A13: 12 | B13: gp_pos_192 | C13: Google Play | D13: ijobiy | E13: Hali buni ustida ancha iwlaw kerak bunday olganda uzbekistondagi eng ishonarlisi shu | F13: buni ustida | G13: buning ustiga | H13: voqe bo‘lgani yetishmaganday yana. | I13: 112
... A139: 138 | B139: gp_neg_65 | C139: Google Play | D139: salbiy | E139: bunga odomlar mukkasidan ketishi va natijada bir nechta salbiy oqibatlar yuzaga kelishi mumkin | F139: mukkasidan ketishi | G139: mukka(si)dan ketmoq | H139: o‘zini tiya olmaslik darajada berilib ketmoq (salbiy). | I139: 318
A140: 139 | B140: gp_neg_65 | C140: Google Play | D140: salbiy | E140: bunga odomlar mukkasidan ketishi va natijada bir nechta salbiy oqibatlar yuzaga kelishi mumkin | F140: yuzaga kelishi | G140: yuzaga kelmoq | I140: 577
A141: 140 | B141: gp_neg_66 | C141: Google Play | D141: salbiy | E141: telefonda xotira kam bo'lganda telfonning ÃÀËÅÐÅßsiga kirmaydi | F141: kam bo'lganda | G141: kam bo‘lmaslik | H141: hech narsa yutqizmaslik, ozmi-ko‘pmi yutuqqa ega bo‘lmoq. | I141: 236
A142: 141 | B142: gp_neg_67 | C142: Google Play | D142: salbiy | E142: bu lug'atga ko'p so'zlar kiritilmagan | F142: so'zlar kiritilmagan | G142: so‘zga kirmoq kim? (varianti: gap(i)ga kirmoq) | H142: aytganini qilmoq. | I142: 173
A143: 142 | B143: gp_neg_94 | C143: Google Play | D143: salbiy | E143: Ilova dizayn jihatdan juda oddiy va did jihatdan yaxshi ko'rinishga ega emas; | F143: yaxshi ko'rinishga | G143: yaxshi ko‘rmoq | H143: 1) kim? kimni? sevmoq, oshiq-ma’shuq bo‘lmoq (qiz bilan yigit, er bilan xotin). 2) kim? kimni? sevmoq, izzat-hurmat qilmoq (ona bolani, aka ukani). 3) kim? nimani? ba’zan nima? kimni? yoqtirmoq. | I143: 546
A144: 143 | B144: gp_neg_96 | C144: Google Play | D144: salbiy | E144: Ilova bilan ishlash jarayonida ma'lumot almashish jarayoni tezroq amalga oshmasligi; | F144: amalga oshmasligi | G144: amalga oshmoq | I144: 39
A145: 144 | B145: gp_neg_102 | C145: Google Play | D145: salbiy | E145: O'yin daturlariga kirish jarayoni tez amalga oshmasligi; | F145: amalga oshmasligi | G145: amalga oshmoq | I145: 39
A146: 145 | B146: gp_neg_106 | C146: Google Play | D146: salbiy | E146: Yangilanish jarayonining ko'p vaqt davomida amalga oshishi va hisobdan ko'proq mb yechib olishi; | F146: amalga oshishi | G146: amalga oshmoq | I146: 39
A147: 146 | B147: gp_neg_107 | C147: Google Play | D147: salbiy | E147: Tarjimon ilovalarda tezkor qidirish davomida kamchiliklar bo'lishi; | F147: kamchiliklar bo'lishi | G147: kam bo‘lmaslik | H147: hech narsa yutqizmaslik, ozmi-ko‘pmi yutuqqa ega bo‘lmoq. | I147: 236
A148: 147 | B148: gp_neg_108 | C148: Google Play | D148: salbiy | E148: O'yin ilovalarida bolalar psixologiyasiga salbiy ta'sir ko'rsatadi; | F148: tasir ko'rsatadi | G148: ta’sir ko‘rsatmoq | H148: ta’sir qilishga urinmoq. | I148: 482
A149: 148 | B149: gp_neg_113 | C149: Google Play | D149: salbiy | E149: Shareit ma'lumot uzatishga qulay,ammo undagi reklamalar va bildirishnomalar menga yoqmaydi.Ular meni asabimga tegadi | F149: asabimga tegadi | G149: asab(i)ga tegmoq | H149: asabini qo‘zg‘atmoq, g‘ijintirmoq. | I149: 47
A150: 149 | B150: gp_neg_125 | C150: Google Play | D150: salbiy | E150: Musixmatch ilovasining interfeysi yaxshi tuzilmagan.ko'zga ko'rimsiz. | F150: ko'zga ko'rimsiz | G150: ko‘z(i) ko‘rdi | H150: nima[ning]? kimni? yoki nimani? yomon niyatini amalga oshirish uchun obyekt qilib tanlamoq. | I150: 259
A151: 150 | B151: gp_neg_176 | C151: Google Play | D151: salbiy | E151: ko'p ilovalar yuklanganda qurilma ishdan chiqadi | F151: ishdan chiqadi | G151: ish chiqmadi | H151: nima qilishdan? nimadan? yoki kimdan? | I151: 206
A152: 151 | B152: gp_neg_177 | C152: Google Play | D152: salbiy | E152: Sistema ishga tushmaydi | F152: ishga tushmaydi | G152: ish(i) tushdi | H152: biror ish yuzasidan muomalada bo‘lmoq, biror masala yuzasidan murojaat qilmoq. | I152: 206
A153: 152 | B153: gp_neg_179 | C153: Google Play | D153: salbiy | E153: dastur qurulmaga togri kelmaydi | F153: togri kelmaydi | G153: to‘g‘ri kelgan | H153: daf’atan nima yoki kim uchrasa shu. | I153: 519
A154: 153 | B154: gp_neg_185 | C154: Google Play | D154: salbiy | E154: ilovaga kelgan rasmalarni gahida acadi gahida esa ozidan ozi yoq bolup kaladi | F154: ozi yoq | G154: o‘z(i)da yo‘q | H154: benihoyat, juda-juda («xursand»). | I154: 610
A155: 154 | B155: gp_neg_189 | C155: Google Play | D155: salbiy | E155: ilova talabga javob bermaydi | F155: javob bermaydi | G155: javob bermoq | H155: 1) kim? yoki nima? nimaga? yoki kimga? javob qilmoq. 2) kim? nimaga? nima bilan? javoban ish tutmoq. 3) nima? nimaga? qondirmoq. 4) kim? nimaga? javobgarlikni o‘z ustiga olmoq. 5) kim? kimga?… | I155: 215
A156: 155 | B156: gp_neg_195 | C156: Google Play | D156: salbiy | E156: dasturni ishga tushirganda o'z vazifalarini bajarmay umumman boshqa vazifalarni bajaradi | F156: ishga tushirganda | G156: ish(i) tushdi ishga tushirmoq kim? nimani? (varianti: ishga tushmoq) | H156: biror ish yuzasidan muomalada bo‘lmoq, biror masala yuzasidan murojaat qilmoq. 1) kim? mehnat qilishni boshlamoq. 2) nima? ishlay boshlamoq. 3) kim? nimani? | I156: 206 || 207
A157: 156 | B157: gp_neg_197 | C157: Google Play | D157: salbiy | E157: ilova ko'p vaqtda ishga tushadi | F157: ishga tushadi | G157: ish(i) tushdi | H157: biror ish yuzasidan muomalada bo‘lmoq, biror masala yuzasidan murojaat qilmoq. | I157: 206
A158: 157 | B158: gp_neg_207 | C158: Google Play | D158: salbiy | E158: ilovani ishlatganda qurilmadagi ba'zi funksiyalar ishdan chiqadi | F158: ishdan chiqadi | G158: ish chiqmadi | H158: nima qilishdan? nimadan? yoki kimdan? | I158: 206
... A167: 166 | B167: gp_neg_295 | C167: Google Play | D167: salbiy | E167: dastur ishga tushishi juda qiyin | F167: ishga tushishi | G167: ish(i) tushdi | H167: biror ish yuzasidan muomalada bo‘lmoq, biror masala yuzasidan murojaat qilmoq. | I167: 206
A168: 167 | B168: gp_neg_303 | C168: Google Play | D168: salbiy | E168: foydalanuvchilarni ko`pligidan tarmoqda nosozliklar yuzaga keladi | F168: yuzaga keladi | G168: yuzaga kelmoq | I168: 577
A169: 168 | B169: gp_neg_305 | C169: Google Play | D169: salbiy | E169: aksariyat foydalanuvchilarni bemalol server kompyuteridan osonlik bilan foydalanishiga yo`l qo`yilishi | F169: yo'l qo'yilishi | G169: yo‘l qo‘ymoq | H169: voqe bo‘lishiga imkon bermoq. | I169: 584
A170: 169 | B170: gp_neg_315 | C170: Google Play | D170: salbiy | E170: yuklash paytida juda ko`p sahifalar ochishga to`gri keladiso`rovnomalar ketma-ketligi odamni jahlini chiqaradi | F170: to'gri keladiso'rovnomalar | G170: to‘g‘ri kelgan | H170: daf’atan nima yoki kim uchrasa shu. | I170: 519
A171: 170 | B171: gp_neg_315 | C171: Google Play | D171: salbiy | E171: yuklash paytida juda ko`p sahifalar ochishga to`gri keladiso`rovnomalar ketma-ketligi odamni jahlini chiqaradi | F171: jahlini chiqaradi | G171: jahl(i) chiqdi jahl(i)ni chiqarmoq | H171: g‘azablanmoq. | I171: 214
A172: 171 | B172: gp_neg_323 | C172: Google Play | D172: salbiy | E172: quvvat isrofi haddan ziyod | F172: haddan ziyod | G172: haddan ziyod | H172: ortiq darajada, nihoyatda (eskirgan). | I172: 181
A173: 172 | B173: gp_neg_331 | C173: Google Play | D173: salbiy | E173: Talabga javob bermaydi. | F173: javob bermaydi | G173: javob bermoq | H173: 1) kim? yoki nima? nimaga? yoki kimga? javob qilmoq. 2) kim? nimaga? nima bilan? javoban ish tutmoq. 3) nima? nimaga? qondirmoq. 4) kim? nimaga? javobgarlikni o‘z ustiga olmoq. 5) kim? kimga?… | I173: 215
A174: 173 | B174: gp_neg_340 | C174: Google Play | D174: salbiy | E174: Malumotlarni birdaniga yo'q qilib yuboradi. | F174: qilib yuboradi | G174: qilib yubormoq | H174: qochib qutulgani joy topolmay qolmoq. | I174: 460
A175: 174 | B175: gp_neg_369 | C175: Google Play | D175: salbiy | E175: ma'naviyatga yomon ta'sir o'tkazadi | F175: tasir o'tkazadi | G175: ta’sir(i)ni o‘tkazmoq | H175: ta’sir qilib, o‘z xohish-irodasiga bo‘ysundirmoq. | I175: 482
A176: 175 | B176: gp_neg_388 | C176: Google Play | D176: salbiy | E176: bitta faylni yuklab olish uchun bir dunyo algoritm bajarish kerak | F176: bir dunyo | G176: bir dunyo | H176: juda ko‘p. | I176: 80
A177: 176 | B177: gp_neg_427 | C177: Google Play | D177: salbiy | E177: ilovaga buyrulgan ishni bajarmaydi o'zi bilganini kiladi | F177: o'zi bilganini | G177: o‘z(i)ni bilmay | H177: o‘z ahvolini idrok qilolmay. | I177: 613
A178: 177 | B178: gp_neg_477 | C178: Google Play | D178: salbiy | E178: Mos kelmaydi | F178: mos kelmaydi | G178: mos kelmoq | H178: muvofiq bo‘lmoq, mos bo‘lmoq. | I178: 317
A179: 178 | B179: gp_neg_495 | C179: Google Play | D179: salbiy | E179: Ilova boshni og'ritadi. | F179: boshni og'ritadi | G179: bosh(i)ni og‘ritmoq | H179: 1) [o‘zining] o‘ylamoq. 2) kimning?miyasini charchatmoq. | I179: 106
A180: 179 | B180: gp_neg_556 | C180: Google Play | D180: salbiy | E180: Ilova to'g'ri kelmaydi | F180: to'g'ri kelmaydi | G180: to‘g‘ri kelgan | H180: daf’atan nima yoki kim uchrasa shu. | I180: 519
... A215: 214 | B215: gp_neg_1005 | C215: Google Play | D215: salbiy | E215: Avval to'liq ishlab chiqib keyin e'lon qilishmaydimi bular. Shuncha harakat va xarajatni qo'l uchida qilingan ish bilan bir pulga qimmat qilishibdi. | F215: bir pulga | G215: bir pul | H215: 1) qadr-qiymatsiz. 2) foydasi yo‘q. | I215: 85
A216: 215 | B216: gp_neg_1010 | C216: Google Play | D216: salbiy | E216: Bad request yozib jahlimni chiqazyabdi | F216: jahlimni chiqazyabdi | G216: jahl(i) chiqdi | I216: 214
A217: 216 | B217: gp_neg_1034 | C217: Google Play | D217: salbiy | E217: Dastur ishlashi sekin, qotib qoladi!!! Bazida yangiliklarni ochmaydi, Yangilik-habarlar sifati yaxshi, Dastur-dizayn yaxshi!!!Yevropadaman interenitim tezligi juda yuqori!!! Lekin sekin ishlashi asabga tegadi!!! | F217: asabga tegadi | G217: asab(i)ga tegmoq | H217: asabini qo‘zg‘atmoq, g‘ijintirmoq. | I217: 47
A218: 217 | B218: gp_neg_1052 | C218: Google Play | D218: salbiy | E218: hali kòp buni ustida izlanish kerak | F218: buni ustida | G218: buning ustiga | H218: voqe bo‘lgani yetishmaganday yana. | I218: 112
A219: 218 | B219: gp_neg_1091 | C219: Google Play | D219: salbiy | E219: ko'p kodlar ishlamayapti. Samsung note 3 neo telefonda. 3G dan Lte ga o'tkazadigan kodini kim bilsa yozib yuboringlar @Hokisorim_Onajonim telegram. | F219: kim bilsa | G219: kim biladi | H219: aniq aytib bo‘lmaydi. | I219: 242
A220: 219 | B220: gp_neg_1093 | C220: Google Play | D220: salbiy | E220: ko'proq salatlar bo'lganda yana soz bo'lardi | F220: soz bo'lardi | G220: so‘z(i)ni bo‘lmoq (varianti: gap(i)ni bo‘lmoq) | H220: biror kishi nutqini o‘z so‘zlari bilan noo‘rin to‘xtatmoq. | I220: 173
A221: 220 | B221: gp_neg_1097 | C221: Google Play | D221: salbiy | E221: Lug'aviy xatolarga e'tibor bersalaringchi! | F221: etibor bersalaringchi | G221: e’tibor bermoq | H221: diqqat qilmoq, diqqat bilan qaramoq. | I221: 162
A222: 221 | B222: gp_neg_1102 | C222: Google Play | D222: salbiy | E222: Menda ishlamadi. Android 4.4.2 nimaga javob berilar iltimos | F222: javob berilar | G222: javob bermoq | H222: 1) kim? yoki nima? nimaga? yoki kimga? javob qilmoq. 2) kim? nimaga? nima bilan? javoban ish tutmoq. 3) nima? nimaga? qondirmoq. 4) kim? nimaga? javobgarlikni o‘z ustiga olmoq. 5) kim? kimga?… | I222: 215
A223: 222 | B223: gp_neg_1114 | C223: Google Play | D223: salbiy | E223: Nmaga biznikila UI ga etibor bermedi a? | F223: etibor bermedi | G223: e’tibor bermoq | H223: diqqat qilmoq, diqqat bilan qaramoq. | I223: 162
A224: 223 | B224: gp_neg_1125 | C224: Google Play | D224: salbiy | E224: Oma jonga tegdi xar 5 minutda telga xabar junatyapsla.. asaldiyam ozi shirin!! Junatishakan deb junatilovrmedi.. telimda bunaqa xabar dasturdan 40ta bor agar xammasi sla qigan ishdi qisa telponim yonib ketadi.. :/ | F224: jonga tegdi | G224: jon(i)ga tegmoq | H224: 1) kim? bezor qilmoq. 2) nima? bezor bo‘lmoq, zerikmoq. | I224: 229
A225: 224 | B225: gp_neg_1139 | C225: Google Play | D225: salbiy | E225: Reklamasida EVO borku nega dasturni ozida yo'q? | F225: ozida yo'q | G225: o‘z(i)da yo‘q | H225: benihoyat, juda-juda («xursand»). | I225: 610
A226: 225 | B226: gp_neg_1142 | C226: Google Play | D226: salbiy | E226: Salom bazi bir o'zbek kanallarini ovozi bor lekin videosi ko'rinmayapti, baʼzilarini videosi bor ovozi yo'q. Iltimos ko'rib chiqinglar. Hi there, some Uzbek channels are without voice, some of them without video.. please solution | F226: ovozi bor | G226: ovoz(i)ning boricha | H226: eng kuchli tovush bilan, kuchi yetgan darajada baqirib. | I226: 358
A227: 226 | B227: gp_neg_1145 | C227: Google Play | D227: salbiy | E227: Savollarga javob berish sistemasi umuman tushunarsiz | F227: javob berish | G227: javob bermoq | H227: 1) kim? yoki nima? nimaga? yoki kimga? javob qilmoq. 2) kim? nimaga? nima bilan? javoban ish tutmoq. 3) nima? nimaga? qondirmoq. 4) kim? nimaga? javobgarlikni o‘z ustiga olmoq. 5) kim? kimga?… | I227: 215
A228: 227 | B228: gp_neg_1154 | C228: Google Play | D228: salbiy | E228: TATU haqida gapirguncha... aka bunaqa dasturni TATU ikkinchi kurslari ham sizdan tuzikroq qiladi lekin 35821 so'zni kirishga sabringiz yetgani tahsinga sazovor. Mendan xafa bo'lmang | F228: so'zni kirishga | G228: so‘zga kirmoq kim? (varianti: gap(i)ga kirmoq) | H228: aytganini qilmoq. | I228: 173
... A281: 280 | B281: rest_351#2 | C281: Restoran | D281: ijobiy | E281: Taom haqiqatan ham mazali bo'ladi | F281: mazali bo'ladi | G281: mazasi bo‘lmadi | H281: ko‘ngildagidek, zarur darajada amalga oshmadi. | I281: 310
A282: 281 | B282: rest_232#4 | C282: Restoran | D282: ijobiy | E282: Men bu taomdan hayratda qoldim. | F282: hayratda qoldim | G282: hayratda qolmoq | I282: 185
A283: 282 | B283: rest_190#4 | C283: Restoran | D283: neytral | E283: Biz ofitsiantga aytdik, u almashtiraman deb javob berdi. | F283: javob berdi | G283: javob bermoq | H283: 1) kim? yoki nima? nimaga? yoki kimga? javob qilmoq. 2) kim? nimaga? nima bilan? javoban ish tutmoq. 3) nima? nimaga? qondirmoq. 4) kim? nimaga? javobgarlikni o‘z ustiga olmoq. 5) kim? kimga?… | I283: 215
A284: 283 | B284: rest_65#3 | C284: Restoran | D284: salbiy | E284: Oziq-ovqat juda qimmat, narxlar muassasaga mos kelmaydigan restoran narxlari. | F284: mos kelmaydigan | G284: mos kelmoq | H284: muvofiq bo‘lmoq, mos bo‘lmoq. | I284: 317
A285: 284 | B285: rest_426#2 | C285: Restoran | D285: ijobiy | E285: maslahat beraman... | F285: maslahat beraman | G285: maslahat bermoq | H285: nima qilishni? yoki nima qilishga? yoki nima? qilish to‘g‘risida yoki nima deb? biror ishni qanday amalga oshirish lozimligi haqida fikr-mulohaza bildirmoq. | I285: 308
A286: 285 | B286: rest_395#1 | C286: Restoran | D286: ijobiy | E286: Ilgari hech qachon arab taomlarini tatib ko'rmaganman, uni yaxshi ko'rib qoldim, kam yog'li taomni istagan har bir kishiga tavsiya etiladi. | F286: yaxshi ko'rib | G286: yaxshi ko‘rmoq | H286: 1) kim? kimni? sevmoq, oshiq-ma’shuq bo‘lmoq (qiz bilan yigit, er bilan xotin). 2) kim? kimni? sevmoq, izzat-hurmat qilmoq (ona bolani, aka ukani). 3) kim? nimani? ba’zan nima? kimni? yoqtirmoq. | I286: 546
A287: 286 | B287: rest_375#4 | C287: Restoran | D287: ijobiy | E287: Tuna salatini, qisqichbaqalar, qo'zichoq qovurg'alari vs boshqa narsani iste'mol qildik... Hamma narsa mazali, hech qanday savol berilmadi. | F287: savol berilmadi | G287: savol bermoq | H287: javob talab qiluvchi so‘z-gap aytmoq. | I287: 457
A288: 287 | B288: rest_131#1 | C288: Restoran | D288: aralash | E288: Mutlaqo haddan tashqari oshirib yuborilgan, taomlar o'rtacha, lekin narxlar eng yuqori chegarada, mehmonxona International ro'parasida yaxshi kutib olindi (narxlar bir yonoq (masalan, pivo uchun 15 dollar) | F288: haddan tashqari | G288: haddan tashqari | H288: ortiq darajada, nihoyatda. | I288: 181
A289: 288 | B289: rest_154#4 | C289: Restoran | D289: salbiy | E289: kkinchidan, agar siz turmush qurmoqchi bo'lsangiz, to'y marosimingizni 100% oldindan o'tkaza olmaysiz. | F289: turmush qurmoqchi | G289: turmush qurmoq | H289: kim bilan? kimlar o‘zaro? oilaviy hayot kechirmoq. | I289: 511
A290: 289 | B290: rest_336#2 | C290: Restoran | D290: aralash | E290: rossiyalik jurnalistimiz yangi taassurotlar uchun qaytib kelishga va'da berdi, bu safar xachapuri yetarli darajada tayyorlanganmi yoki yo'qligini baholash rejasida) xodimlar xushmuomala, joy shinam! | F290: vada berdi | G290: va’da bermoq | H290: nima qilishga? ahd qilganini aytmoq. | I290: 530
A291: 290 | B291: rest_371#1 | C291: Restoran | D291: neytral | E291: o'g'lingiz maslahat berdigandi | F291: maslahat berdigandi | G291: maslahat bermoq | H291: nima qilishni? yoki nima qilishga? yoki nima? qilish to‘g‘risida yoki nima deb? biror ishni qanday amalga oshirish lozimligi haqida fikr-mulohaza bildirmoq. | I291: 308
A292: 291 | B292: rest_3#4 | C292: Restoran | D292: salbiy | E292: Birgina kamchilik-bu idishlar sekin xizmat qilingan. | F292: birgina kamchilik | G292: bir kam(i) | H292: mutlaqo kutilmagan, yetishmay turgan qaltis (ish, odam). | I292: 81
A293: 292 | B293: rest_248#2 | C293: Restoran | D293: ijobiy | E293: Sizga yana tashrif buyurishni istardim! | F293: tashrif buyurishni | G293: tashrif buyurmoq | H293: biror kishi huzuriga o‘z izzat-hurmati bilan kelmoq (ko‘tarinki). | I293: 479
A294: 293 | B294: rest_539#2 | C294: Restoran | D294: salbiy | E294: Yakuniy hisob-kitobdagi xato uch xil xodimlar tomonidan amalga oshirilgan, ammo qo'shimcha to'lov uchun to'lanishi kutilmoqda. | F294: amalga oshirilgan | G294: amalga oshmoq amalga oshirmoq | H294: voqelikka aylanmoq. | I294: 39
... A429: 428 | B429: rest_2011#6 | C429: Restoran | D429: aralash | E429: Men allaqachon tushlik qilish fikridan qaytdim va bunga vaqt ham yo'q, ishga yugurishim kerak. | F429: ham yo'q | G429: ham yo‘q | H429: butunlay xabarsiz ketmoq. | I429: 139
A430: 429 | B430: rest_2920#8 | C430: Restoran | D430: salbiy | E430: Men ofitsiantga oqshomimizni buzishganini va biz och qolganimizni tushuntirdim. | F430: qolganimizni tushuntirdim | G430: qo‘lga tushmoq | I430: 443
A431: 430 | B431: rest_2015#2 | C431: Restoran | D431: ijobiy | E431: Agar siz go'shtni yaxshi ko'rsangiz, bu sizning tashrif buyurishingiz kerak bo'lgan joy. | F431: yaxshi ko'rsangiz | G431: yaxshi ko‘rmoq | H431: 1) kim? kimni? sevmoq, oshiq-ma’shuq bo‘lmoq (qiz bilan yigit, er bilan xotin). 2) kim? kimni? sevmoq, izzat-hurmat qilmoq (ona bolani, aka ukani). 3) kim? nimani? ba’zan nima? kimni? yoqtirmoq. | I431: 546
A432: 431 | B432: rest_2015#2 | C432: Restoran | D432: ijobiy | E432: Agar siz go'shtni yaxshi ko'rsangiz, bu sizning tashrif buyurishingiz kerak bo'lgan joy. | F432: tashrif buyurishingiz | G432: tashrif buyurmoq | H432: biror kishi huzuriga o‘z izzat-hurmati bilan kelmoq (ko‘tarinki). | I432: 479
A433: 432 | B433: rest_2011#5 | C433: Restoran | D433: salbiy | E433: Nihoyat ofitsiantlardan birini topganingizda, u juda sekin kelib menyuni tashlaydi, go'yo u zo'rg'a uyg'ongan yoki muhim ishlarini qo'yib kelgandek. | F433: ishlarini qo'yib | G433: ishga qo‘ymoq | H433: ish bilan ta’minlamoq. | I433: 207

Sheet Ko'chma so'zlar
A1: № | B1: Izoh ID | C1: Manba | D1: Sentiment | E1: Izoh matni | F1: Topilgan parcha | G1: Leksikon birligi | H1: Lug'aviy izoh (ma'nosi) | I1: Uslub belgisi | J1: Tekshiruv (ha / yo'q / shubhali) | K1: Annotator izohi
A2: 1 | B2: gp_pos_3 | C2: Google Play | D2: ijobiy | E2: Barakalla! Yaxshi tashkil etilgan va ko'rsatma berildi. Yangi yilingiz bilan! | F2: etilgan | G2: etilmoq | H2: 4) Pishib etmoq, dolzarb boʻlmoq. 5) s.t. Kayfi oshmoq; qattiq mast boʻlmoq. Har kim bilan qadah urishtirib ichaverib, rosa etilibdi.
A3: 2 | B3: gp_pos_5 | C3: Google Play | D3: ijobiy | E3: Juda zo'r Ovqat jonu dilim | F3: dilim | G3: dil | H3: 2) Kishining ichki ruhiy dunyosi, ichki his-tuygʻularining markazi, ramzi; koʻngil, qalb. Muhabbat — dil mevasi. Maqol. Dilda boʻlsa, tilga keladi.… 3) Koʻngildagi narsa (tilak, maqsad, niyat, oʻy, fikr va sh. k.). Dili toʻgʻrining yoʻli toʻgʻri. Maqol. Qoʻli qingʻirning dili qingʻir. Maqol. Choʻpon… 4) Kishining xotiri, es, yod, xayol; koʻngil.
A4: 3 | B4: gp_pos_6 | C4: Google Play | D4: ijobiy | E4: Juda foydali dastur. Rahmat | F4: foydali | G4: foydali | H4: 2) Maʼnaviy jihatdan biror manfaati, nafi tegadigan.
A5: 4 | B5: gp_pos_7 | C5: Google Play | D5: ijobiy | E5: Judayam ajoyib dastur ekan! Turmush o'rtog'imga ham juda yoqdi, endi judayam mazali taomlar retseptini qulaygina o'rganib olish mumkin. Dastur mualliflariga tashakkur! OMAD! | F5: retseptini | G5: retsept | H5: 3) s.t. Ogʻir, noqulay holatlardagi harakatlar uchun tayyor yoʻl-yoʻriq, qolip, andaza. Har xil vaziyatga yaraydigan, hammabop axloqiy-estetik qoidalar…
A6: 5 | B6: gp_pos_10 | C6: Google Play | D6: ijobiy | E6: Yoqdi Juda yaxshi app bo'lgan Ayniqsa chet elliklarga ko'rsatishga juda qulay. Developerlarga Omads! | F6: chet | G6: chet | H6: 4) Begona, ajnabiy, xorijiy.
A7: 6 | B7: gp_pos_13 | C7: Google Play | D7: ijobiy | E7: Rahmat Yashang besh baho! | F7: baho | G7: baho | H7: 2) Ahamiyat, mohiyat, qadr-qimmat. Bizda suvning bahosi oltinga teng. Baho bermoq 1) bahosini, narxini beltilamoq; 2) biror kimsa, narsa yoki…
A8: 7 | B8: gp_pos_18 | C8: Google Play | D8: ijobiy | E8: Good Job! Master akaning ushbu ilova-dasturi mengayam juda yoqdi. O'zim biz nechtasiga tavsiya qildim. Aytgancha, ushbu dasturchining Al-Qalam degan ilova-dasturi ham zo'r chiqqan. | F8: qalam | G8: qalam | H8: 4) Yozma asar ijod etish; yozma ijod, ijod.
A9: 8 | B9: gp_pos_20 | C9: Google Play | D9: ijobiy | E9: Salom! Assalomu alaykum barchaga! Buni judayam foydali appligiga xech qanday shubxa yo`q! Mansur aka qachon uylandiz oka? Shu appdan foydalangan xolga mazali taomlardan baxramand bo`lib baxtli va uzoq umr kechiringlar! | F9: foydali | G9: foydali | H9: 2) Maʼnaviy jihatdan biror manfaati, nafi tegadigan.
A10: 9 | B10: gp_pos_20 | C10: Google Play | D10: ijobiy | E10: Salom! Assalomu alaykum barchaga! Buni judayam foydali appligiga xech qanday shubxa yo`q! Mansur aka qachon uylandiz oka? Shu appdan foydalangan xolga mazali taomlardan baxramand bo`lib baxtli va uzoq umr kechiringlar! | F10: uzoq | G10: uzoq | H10: 4) Bevosita aloqasi, munosabati yoʻq,; aloqasiz.
A11: 10 | B11: gp_pos_21 | C11: Google Play | D11: ijobiy | E11: Raxmat Juda Zo'r dastur ekan! Kak raz shunaqangi dasturlar kerak edi biz yoshlarga! Jamoadan kelajakda bundanam yaxshilarini kutib qolamiz | F11: yoshlarga | G11: yosh | H11: 5) Etarli tajribaga ega boʻlmagan, tajribasiz.
A12: 11 | B12: gp_pos_21 | C12: Google Play | D12: ijobiy | E12: Raxmat Juda Zo'r dastur ekan! Kak raz shunaqangi dasturlar kerak edi biz yoshlarga! Jamoadan kelajakda bundanam yaxshilarini kutib qolamiz | F12: kutib | G12: kutmoq | H12: 6) Yoʻlida, hayot yoʻlida roʻpara boʻlmoq, istiqbolida boʻlmoq; qarshilamoq. Darhaqiqat, bizning qarshimizga yoʻlbars chiqsa, biz qattiq qoʻrqamiz,…
A13: 12 | B13: gp_pos_23 | C13: Google Play | D13: ijobiy | E13: Ajoyib Rasmlari bn juda yahshi tushunarli yozilgan rahmat! Iltimos taomnomani kupaytirsangiz ayniqsa shirinliklar qushilsa yanada yahshi bulardi. | F13: shirinliklar | G13: shirin shirinlik | H13: 3) Kishi huzur qiladigan, orom oladigan, lazzatlanadigan, xush yoqadigan; yoqimli, yoqimtoy. Shirin xayollar. Shirin tush koʻrmoq. Shirin muomala.… 3) Shodu xurramlik, vaqtichogʻlik, xursandlik; yaxshilik.
... A16: 15 | B16: gp_pos_27 | C16: Google Play | D16: ijobiy | E16: Gap yo'q Chetda yurgan studentlaga zo'r application, rahmat! )) | F16: chetda | G16: chet | H16: 4) Begona, ajnabiy, xorijiy.
A17: 16 | B17: gp_pos_31 | C17: Google Play | D17: ijobiy | E17: Uy bekalari uchun eng zo'r sovg'a ekan. Ayolimga juda yoqdi! | F17: bekalari | G17: beka | H17: 2) Oilaga, xonadonga yoki xoʻjalikka boshchilik qiluvchi ayol. Bogʻbonsiz bogʻ misli choʻl-yobon, Bekasiz uy — suvsiz tegirmon. eQanotli soʻzlaro. 3) Boshqaruvchi, sardor, ega, sohib. | I17: poet.
A18: 17 | B18: gp_pos_32 | C18: Google Play | D18: ijobiy | E18: Yaxshi va har kuni hammaga asqotishi mumkin boo'lgan sahifa! | F18: sahifa | G18: sahifa | H18: 4) Davomli butun bir hodisa, hayot va sh. k. ning ayrim davri.
A19: 18 | B19: gp_pos_33 | C19: Google Play | D19: ijobiy | E19: Zo'r! Katta raxmat shu app ni yaratganilar uchun! | F19: katta | G19: katta | H19: 7) Koʻzga koʻringan; atoqli, mashhur.
A20: 19 | B20: gp_pos_35 | C20: Google Play | D20: ijobiy | E20: Judayam foydali dastur !! | F20: foydali | G20: foydali | H20: 2) Maʼnaviy jihatdan biror manfaati, nafi tegadigan.
A21: 20 | B21: gp_pos_53 | C21: Google Play | D21: ijobiy | E21: Katta rahmat | F21: katta | G21: katta | H21: 7) Koʻzga koʻringan; atoqli, mashhur.
A22: 21 | B22: gp_pos_58 | C22: Google Play | D22: ijobiy | E22: 5-yulduz !!! Ajoyib ilova !!! Yaxshi ish!!! | F22: yulduz | G22: yulduz | H22: 3) Mashhur boʻlib tanilgan, shuhrat qozongan shaxs haqida.
A23: 22 | B23: gp_pos_88 | C23: Google Play | D23: ijobiy | E23: Tashakkur Assalomalekum. dasturga umuman gap yuq. Uzimni hamma narsaga qodir odamdek his qildim. Bularkanku. Qoyilman. Hamma ijodkorlariga katta rahmat. | F23: katta | G23: katta | H23: 7) Koʻzga koʻringan; atoqli, mashhur.
A24: 23 | B24: gp_pos_89 | C24: Google Play | D24: ijobiy | E24: Foydali | F24: foydali | G24: foydali | H24: 2) Maʼnaviy jihatdan biror manfaati, nafi tegadigan.
A25: 24 | B25: gp_pos_101 | C25: Google Play | D25: ijobiy | E25: Juda foydali! Ayniqsa, siz istagan paytda USSD-menyu orqali ishlamasligingiz kerak. | F25: foydali | G25: foydali | H25: 2) Maʼnaviy jihatdan biror manfaati, nafi tegadigan.
A26: 25 | B26: gp_pos_101 | C26: Google Play | D26: ijobiy | E26: Juda foydali! Ayniqsa, siz istagan paytda USSD-menyu orqali ishlamasligingiz kerak. | F26: orqali | G26: orqa | H26: 6) Homiy, suyanchiq, tirak. Togʻdan orqasi boʻlganning toshdan yuragi boʻlar. Maqol. Orqa qilmoq Biror shaxs yordamiga, himoyasiga, kuchiga ishonmoq,…
A27: 26 | B27: gp_pos_105 | C27: Google Play | D27: ijobiy | E27: Savol Nimaga menda internet orqali ishlamayapti? So'rovlarni USSD orqali yuboryapti. Podtverjdeniya uchun qanaqadir kod sÃ¶rayapti sms orqali kelgan. Menga hech qanday kod kelmadi. Nima qilishim kerak? | F27: orqali | G27: orqa | H27: 6) Homiy, suyanchiq, tirak. Togʻdan orqasi boʻlganning toshdan yuragi boʻlar. Maqol. Orqa qilmoq Biror shaxs yordamiga, himoyasiga, kuchiga ishonmoq,…
A28: 27 | B28: gp_pos_108 | C28: Google Play | D28: ijobiy | E28: Very good app Gap yo'q usd sorov turli noquleyliklar tugdirardi endi bu ancha osonlashtirdi | F28: tugdirardi | G28: tugmoq | H28: 4) Yigmoq, toʻplab gʻamlamoq. Topganini tugadi.
A29: 28 | B29: gp_pos_109 | C29: Google Play | D29: ijobiy | E29: Uzbek tilini qowiw Kerek qolganiga gap yo | F29: tilini | G29: til | H29: 6) Insondan boshqa narsalarning oʻzaro bir-birini tushunishga xizmat qiladigan vositasi, ifoda vositasi (belgisi). Qush tilini qush biladi. Maqol.
... A45: 44 | B45: gp_pos_187 | C45: Google Play | D45: ijobiy | E45: Eng foydali va eng yaxshi dasturni sotish va sotib olish. | F45: foydali | G45: foydali | H45: 2) Maʼnaviy jihatdan biror manfaati, nafi tegadigan.
A46: 45 | B46: gp_pos_187 | C46: Google Play | D46: ijobiy | E46: Eng foydali va eng yaxshi dasturni sotish va sotib olish. | F46: sotib | G46: sotmoq | H46: 2) Sotqinlik, xoinlik qilmoq. | I46: nafr.
A47: 46 | B47: gp_pos_215 | C47: Google Play | D47: ijobiy | E47: Juda foydali va kerakli application | F47: foydali | G47: foydali | H47: 2) Maʼnaviy jihatdan biror manfaati, nafi tegadigan.
A48: 47 | B48: gp_pos_217 | C48: Google Play | D48: ijobiy | E48: Buladi | F48: buladi | G48: bulamoq | H48: 2) Boʻlar-boʻlmas ayblar bilan qoralamoq, asossiz ayblamoq; fosh qilmoq.
A49: 48 | B49: gp_pos_227 | C49: Google Play | D49: ijobiy | E49: Faqat ikkinchi narsalar haqida ma'lumot olish foydali | F49: foydali | G49: foydali | H49: 2) Maʼnaviy jihatdan biror manfaati, nafi tegadigan.
A50: 49 | B50: gp_pos_242 | C50: Google Play | D50: ijobiy | E50: Yaxshi zo'r Shu Narxlarni O'zimizni Sum da Quyilsa juda yaxshi tushinardik | F50: quyilsa | G50: quyilmoq | H50: 2) Juda koʻp, kuchli tarzda (oqim tarzida) kelmoq,; yogʻilmoq.
A51: 50 | B51: gp_pos_244 | C51: Google Play | D51: ijobiy | E51: Albatta foydalidir | F51: foydalidir | G51: foydali | H51: 2) Maʼnaviy jihatdan biror manfaati, nafi tegadigan.
A52: 51 | B52: gp_pos_245 | C52: Google Play | D52: ijobiy | E52: Yaxshi ishlaydi, Force yaqin muammosi aniqlandi. Rahmat. | F52: yaqin | G52: yaqin | H52: 4) Doʻstona munosabatda boʻlgan, qadrdon, mehribon.
A53: 52 | B53: gp_pos_255 | C53: Google Play | D53: ijobiy | E53: Yaxshi prog. Juda ham foydali app onlayn bozo'r gap yuq. | F53: foydali | G53: foydali | H53: 2) Maʼnaviy jihatdan biror manfaati, nafi tegadigan.
A54: 53 | B54: gp_pos_266 | C54: Google Play | D54: ijobiy | E54: O'zbek dasturlarini ichida eng zo'ri va eng keng tarqalgan dastur deb hisoblayman, xullas dasturga gap yo'q ayniqsa yangi qo'shipgan filtr xizmati juda zo'r chiqarildi, yuklab olgan megabaytlarga aslo achinmaydi kishi! | F54: tarqalgan | G54: tarqalmoq | H54: 6) Arimoq, arib yoʻq boʻlmoq; yoʻqolmoq, ketmoq.
A55: 54 | B55: gp_pos_267 | C55: Google Play | D55: ijobiy | E55: bu dastur o'z narsalarini sotishingiz va narsalarni sotib olishingiz mumkin | F55: sotib | G55: sotmoq | H55: 2) Sotqinlik, xoinlik qilmoq. | I55: nafr.
A56: 55 | B56: gp_pos_267 | C56: Google Play | D56: ijobiy | E56: bu dastur o'z narsalarini sotishingiz va narsalarni sotib olishingiz mumkin | F56: olishingiz | G56: olishmoq | H56: 3) Biron-bir toʻsiqni engish, uni bartaraf etish maqsadida tinimsiz harakat qilmoq. 4) Bahslashmoq, haq-huquq talashmoq, tortishmoq; bir-birini engish uchun tirishmoq. Hakimboyvachchaning yaqin doʻstlaridan bir kishi..
A57: 56 | B57: gp_pos_268 | C57: Google Play | D57: ijobiy | E57: yanayam takomillashtirsa bundan ham foydali bo'ladi hudo hohlasa | F57: foydali | G57: foydali | H57: 2) Maʼnaviy jihatdan biror manfaati, nafi tegadigan.
A58: 57 | B58: gp_pos_270 | C58: Google Play | D58: ijobiy | E58: ilova Ushbu sotish va sotib olish uchun super ilova | F58: sotib | G58: sotmoq | H58: 2) Sotqinlik, xoinlik qilmoq. | I58: nafr.
A59: 58 | B59: gp_pos_275 | C59: Google Play | D59: ijobiy | E59: Judayam foydali dastur. Manga juda yoqdi..! A'lo gap bo'lishi mumkin emas..!!! | F59: foydali | G59: foydali | H59: 2) Maʼnaviy jihatdan biror manfaati, nafi tegadigan.
A60: 59 | B60: gp_pos_303 | C60: Google Play | D60: ijobiy | E60: Man kutman | F60: kutman | G60: kutmoq | H60: 6) Yoʻlida, hayot yoʻlida roʻpara boʻlmoq, istiqbolida boʻlmoq; qarshilamoq. Darhaqiqat, bizning qarshimizga yoʻlbars chiqsa, biz qattiq qoʻrqamiz,…
A61: 60 | B61: gp_pos_307 | C61: Google Play | D61: ijobiy | E61: Dostlik Xazina | F61: xazina | G61: xazina | H61: 7) Madaniy va maʼnaviy boyliklar, durdona asarlar majmui.
A62: 61 | B62: gp_pos_314 | C62: Google Play | D62: ijobiy | E62: Yaxshi foydali | F62: foydali | G62: foydali | H62: 2) Maʼnaviy jihatdan biror manfaati, nafi tegadigan.
A63: 62 | B63: gp_pos_375 | C63: Google Play | D63: ijobiy | E63: Ana, borgan sari yaxshilashib bormoqda, Aliexpress va yana shunga o'xshash tashqi savdolarni amalga oshirish jarayonlarini tashkil etilganda edi, mmmm! | F63: etilganda | G63: etilmoq | H63: 4) Pishib etmoq, dolzarb boʻlmoq. 5) s.t. Kayfi oshmoq; qattiq mast boʻlmoq. Har kim bilan qadah urishtirib ichaverib, rosa etilibdi.
A64: 63 | B64: gp_pos_382 | C64: Google Play | D64: ijobiy | E64: Ajoyib dastur. To'lovlarni monitoring qilish juda ham qulay. Dastur yaratuvchilariga katta rahmat. | F64: katta | G64: katta | H64: 7) Koʻzga koʻringan; atoqli, mashhur.
A65: 64 | B65: gp_pos_391 | C65: Google Play | D65: ijobiy | E65: Qachon Play marketga tulov qilsa buladi? O'zi buni o'zbekistonda iloji bormi? | F65: buladi | G65: bulamoq | H65: 2) Boʻlar-boʻlmas ayblar bilan qoralamoq, asossiz ayblamoq; fosh qilmoq.
A66: 65 | B66: gp_pos_392 | C66: Google Play | D66: ijobiy | E66: Sevimli, API orqali joriy valyuta foydalaning. Bu endi oddiy kod. Devlar uchun rahmat | F66: orqali | G66: orqa | H66: 6) Homiy, suyanchiq, tirak. Togʻdan orqasi boʻlganning toshdan yuragi boʻlar. Maqol. Orqa qilmoq Biror shaxs yordamiga, himoyasiga, kuchiga ishonmoq,…
A67: 66 | B67: gp_pos_392 | C67: Google Play | D67: ijobiy | E67: Sevimli, API orqali joriy valyuta foydalaning. Bu endi oddiy kod. Devlar uchun rahmat | F67: devlar | G67: dev | H67: 2) Davangirday, beoʻxshov, qoʻpol gavdali. ( Qizingizni) Erga bermay, devga berdingiz. M. Ismoiliy, Fargʻona t.o. Polvon ketidan Matyoz dev ham "Polvon… 3) Dahshat; qoʻrqinch; salobat. Teshaboyning yuragida bosh koʻtargan gumon devi Toʻraxonning.. oʻpkalaridan keyin yota qoldi. M. Ismoiliy, Fargʻona t.o. 4) Katta, ulkan; bahaybat.
A68: 67 | B68: gp_pos_394 | C68: Google Play | D68: ijobiy | E68: I recommend you Ayni men istagan ilova. Xatto kutmagan funksiyalarga ham ega. | F68: kutmagan | G68: kutmoq | H68: 6) Yoʻlida, hayot yoʻlida roʻpara boʻlmoq, istiqbolida boʻlmoq; qarshilamoq. Darhaqiqat, bizning qarshimizga yoʻlbars chiqsa, biz qattiq qoʻrqamiz,…
A69: 68 | B69: gp_pos_396 | C69: Google Play | D69: ijobiy | E69: Zo'r Endi qarz olish va berish oson bo'ldi. | F69: qarz | G69: qarz | H69: 3) Kimsaning zimmasidagi vazifa, majburiyat, burch. Yoshning hurmati — qarz, Qarining hurmati — farz. Maqol. 4) Ado etilishi, bajarilishi shart boʻlgan ish, vazifa. ..rektorat ham uning ikkita imtihondan qarzi borligini hisobga olib, bu qarorni tasdiqlagandi.
A70: 69 | B70: gp_pos_398 | C70: Google Play | D70: ijobiy | E70: Zo'r Ta'rifga til ojiz | F70: til | G70: til | H70: 6) Insondan boshqa narsalarning oʻzaro bir-birini tushunishga xizmat qiladigan vositasi, ifoda vositasi (belgisi). Qush tilini qush biladi. Maqol.
... A109: 108 | B109: gp_pos_562 | C109: Google Play | D109: ijobiy | E109: juda ajoyib dastur menimcha bu dasturda xabarlar daryo suvidek sof taqdim etiladi | F109: daryo | G109: daryo | H109: 2) Koʻp miqdordagi narsalar haqida. 3) Bitmas-tugʻanmas; boy; keng. 5) Boylik, xazina. Sanvatkor xalq tili daryosidan oʻrinli foydalana olsa, bir qatrasi bilan serzavq, ancha baquvvat gullar koʻkartira oladi. kOʻTAB. 6) Oʻtib ketuvchi, oʻtkinchi. Hayhotg Yoshlik, bolalik bir daryo — oqdi-ketdi. Ming afsus. 7) Oqim, kechmish; tarz.
A110: 109 | B110: gp_pos_562 | C110: Google Play | D110: ijobiy | E110: juda ajoyib dastur menimcha bu dasturda xabarlar daryo suvidek sof taqdim etiladi | F110: suvidek | G110: suv | H110: 7) Maza-matrasi, shirasi yoki jiri yoʻq (meva yoki ovqat haqida). | I110: s. t.
A111: 110 | B111: gp_pos_562 | C111: Google Play | D111: ijobiy | E111: juda ajoyib dastur menimcha bu dasturda xabarlar daryo suvidek sof taqdim etiladi | F111: sof | G111: sof | H111: 4) Dogʻ tushmagan, har qanday ayb, gunoh, nuqsondan xoli; toza, pokiza, halol.
A112: 111 | B112: gp_pos_562 | C112: Google Play | D112: ijobiy | E112: juda ajoyib dastur menimcha bu dasturda xabarlar daryo suvidek sof taqdim etiladi | F112: etiladi | G112: etilmoq | H112: 4) Pishib etmoq, dolzarb boʻlmoq. 5) s.t. Kayfi oshmoq; qattiq mast boʻlmoq. Har kim bilan qadah urishtirib ichaverib, rosa etilibdi.
A113: 112 | B113: gp_pos_563 | C113: Google Play | D113: ijobiy | E113: Ajoyib dastur. Chiroyli interfeys va xilma-xil yangiliklar dunyosi. Daryoga gap yo'q! | F113: daryoga | G113: daryo | H113: 2) Koʻp miqdordagi narsalar haqida. 3) Bitmas-tugʻanmas; boy; keng. 5) Boylik, xazina. Sanvatkor xalq tili daryosidan oʻrinli foydalana olsa, bir qatrasi bilan serzavq, ancha baquvvat gullar koʻkartira oladi. kOʻTAB. 6) Oʻtib ketuvchi, oʻtkinchi. Hayhotg Yoshlik, bolalik bir daryo — oqdi-ketdi. Ming afsus. 7) Oqim, kechmish; tarz.
A114: 113 | B114: gp_pos_565 | C114: Google Play | D114: ijobiy | E114: Daxshat, ajoyib dastur, lekin u ingliz tilida bo'lsa, yana bir narsa bo'lardi | F114: tilida | G114: til | H114: 6) Insondan boshqa narsalarning oʻzaro bir-birini tushunishga xizmat qiladigan vositasi, ifoda vositasi (belgisi). Qush tilini qush biladi. Maqol.
A115: 114 | B115: gp_pos_566 | C115: Google Play | D115: ijobiy | E115: Androidlar uchun Daryo ilova dastursida qidirish joyi yoqligi no qulaylik tugdiryapti | F115: daryo | G115: daryo | H115: 2) Koʻp miqdordagi narsalar haqida. 3) Bitmas-tugʻanmas; boy; keng. 5) Boylik, xazina. Sanvatkor xalq tili daryosidan oʻrinli foydalana olsa, bir qatrasi bilan serzavq, ancha baquvvat gullar koʻkartira oladi. kOʻTAB. 6) Oʻtib ketuvchi, oʻtkinchi. Hayhotg Yoshlik, bolalik bir daryo — oqdi-ketdi. Ming afsus. 7) Oqim, kechmish; tarz.
A116: 115 | B116: gp_pos_566 | C116: Google Play | D116: ijobiy | E116: Androidlar uchun Daryo ilova dastursida qidirish joyi yoqligi no qulaylik tugdiryapti | F116: tugdiryapti | G116: tugmoq | H116: 4) Yigmoq, toʻplab gʻamlamoq. Topganini tugadi.
A117: 116 | B117: gp_pos_567 | C117: Google Play | D117: ijobiy | E117: Ajoyib huddi bosh qolganda gazetta oqib otirganday bo'lasan faqat haqqiatni aytishadi. | F117: bosh | G117: bosh | H117: 2) Aql-hush, miya. Bosh bilan ish qilmoq. Togʻning koʻrki tosh bilan, odamning koʻrki bosh bilan. Maqol. 8) s.t. Odam, kishi. Bir boshga bir oʻlim. Maqol.
A118: 117 | B118: gp_pos_569 | C118: Google Play | D118: ijobiy | E118: Yaxshi Yana qo'shimcha funktsiyalar kiritilsa bundanda yaxshi bo'lardi. Mani fikrimcha. | F118: funktsiyalar | G118: funktsiya | H118: 3) Biror ijtimoiy tashkilot, kimsa yoki narsaning ish. faoliyat doirasi; vazifasi.
A119: 118 | B119: gp_pos_569 | C119: Google Play | D119: ijobiy | E119: Yaxshi Yana qo'shimcha funktsiyalar kiritilsa bundanda yaxshi bo'lardi. Mani fikrimcha. | F119: mani | G119: maʼni | H119: 4) Biror narsaning sababi, mohiyati, nima ekanligi. Mana endi oʻsha ingliz otligʻ ajdahoning Turkiston tarafga oʻrmalashining mavnisini idrok qildi.
A120: 119 | B120: gp_pos_570 | C120: Google Play | D120: ijobiy | E120: Zo'r mukammal lekin yanada chuqurroq fotolar lozim Kuchaytirish kerak | F120: chuqurroq | G120: chuqur | H120: 4) Har tomonlama keng, asosli, atrofli, teran. 5) Kuchli; behad katta.
A121: 120 | B121: gp_pos_570 | C121: Google Play | D121: ijobiy | E121: Zo'r mukammal lekin yanada chuqurroq fotolar lozim Kuchaytirish kerak | F121: kuchaytirish | G121: kuchmoq | H121: 3) Mavzuni, harakatni, yashash yoki ishlash tarzini oʻzgartirmoq, boshqasiga oʻtmoq. Xadicha xolaning bas, qiynamaz degan mazmunda koʻz qisishini…
A122: 121 | B122: gp_pos_573 | C122: Google Play | D122: ijobiy | E122: Dunyoning eng yangi va yaxshi xabarlarini va faktlari menimcha aynan Daryo saytida!!!! | F122: daryo | G122: daryo | H122: 2) Koʻp miqdordagi narsalar haqida. 3) Bitmas-tugʻanmas; boy; keng. 5) Boylik, xazina. Sanvatkor xalq tili daryosidan oʻrinli foydalana olsa, bir qatrasi bilan serzavq, ancha baquvvat gullar koʻkartira oladi. kOʻTAB. 6) Oʻtib ketuvchi, oʻtkinchi. Hayhotg Yoshlik, bolalik bir daryo — oqdi-ketdi. Ming afsus. 7) Oqim, kechmish; tarz.
... A199: 198 | B199: gp_pos_987 | C199: Google Play | D199: ijobiy | E199: Excellent Pullik versiyasini qilib advertisementni olib tashlang. Visa card orqali sotib olish mumkin | F199: orqali | G199: orqa | H199: 6) Homiy, suyanchiq, tirak. Togʻdan orqasi boʻlganning toshdan yuragi boʻlar. Maqol. Orqa qilmoq Biror shaxs yordamiga, himoyasiga, kuchiga ishonmoq,…
A200: 199 | B200: gp_pos_987 | C200: Google Play | D200: ijobiy | E200: Excellent Pullik versiyasini qilib advertisementni olib tashlang. Visa card orqali sotib olish mumkin | F200: sotib | G200: sotmoq | H200: 2) Sotqinlik, xoinlik qilmoq. | I200: nafr.
A201: 200 | B201: gp_pos_988 | C201: Google Play | D201: ijobiy | E201: So'zlar ozroq ekan. Dasturchilardan ko'prog'ini kutib qolaman | F201: kutib | G201: kutmoq | H201: 6) Yoʻlida, hayot yoʻlida roʻpara boʻlmoq, istiqbolida boʻlmoq; qarshilamoq. Darhaqiqat, bizning qarshimizga yoʻlbars chiqsa, biz qattiq qoʻrqamiz,…
A202: 201 | B202: gp_pos_989 | C202: Google Play | D202: ijobiy | E202: Juda foydali Katta raxmat!!! | F202: foydali | G202: foydali | H202: 2) Maʼnaviy jihatdan biror manfaati, nafi tegadigan.
A203: 202 | B203: gp_pos_989 | C203: Google Play | D203: ijobiy | E203: Juda foydali Katta raxmat!!! | F203: katta | G203: katta | H203: 7) Koʻzga koʻringan; atoqli, mashhur.
A204: 203 | B204: gp_pos_991 | C204: Google Play | D204: ijobiy | E204: ... Juda chiroyli va foydali dastur. | F204: foydali | G204: foydali | H204: 2) Maʼnaviy jihatdan biror manfaati, nafi tegadigan.
A205: 204 | B205: gp_pos_999 | C205: Google Play | D205: ijobiy | E205: Yaxshiyamki, ta'rifga ingliz va o'zbek tilida qancha so'z borligini ham qo'shishga to'g'ri keldi. Rahmat 4 ilovalar Aytgancha, uni dastlab yuklab olamanmi? Bu keyinchalik Ajoyib bo'ladi;) | F205: tilida | G205: til | H205: 6) Insondan boshqa narsalarning oʻzaro bir-birini tushunishga xizmat qiladigan vositasi, ifoda vositasi (belgisi). Qush tilini qush biladi. Maqol.
A206: 205 | B206: gp_pos_1032 | C206: Google Play | D206: ijobiy | E206: Yaxshi. Biz ingliz tilini o'rganamiz | F206: tilini | G206: til | H206: 6) Insondan boshqa narsalarning oʻzaro bir-birini tushunishga xizmat qiladigan vositasi, ifoda vositasi (belgisi). Qush tilini qush biladi. Maqol.
A207: 206 | B207: gp_pos_1040 | C207: Google Play | D207: ijobiy | E207: Zo'r Yaxshi idea asosida qilingan zo'r o'yin ekan. | F207: o'yin | G207: oʻyin | H207: 5) Parvoz vaqtida shox urib (tashlab) qilinadigan engil, yoqimli harakat. 7) Betartib, biroq oʻziga xos jozibali harakat (hayvon va narsalar haqida). 8) Ermak tarzidagi harakat, qiliq va sh.k. Achchiq oʻyin shirin turmushni buzar. Maqol.
A208: 207 | B208: gp_pos_1041 | C208: Google Play | D208: ijobiy | E208: o'yin zo'r, grafikani ham ozroq yaxshilashsa yana a'lo bo'lardi | F208: o'yin | G208: oʻyin | H208: 5) Parvoz vaqtida shox urib (tashlab) qilinadigan engil, yoqimli harakat. 7) Betartib, biroq oʻziga xos jozibali harakat (hayvon va narsalar haqida). 8) Ermak tarzidagi harakat, qiliq va sh.k. Achchiq oʻyin shirin turmushni buzar. Maqol.
A209: 208 | B209: gp_pos_1044 | C209: Google Play | D209: ijobiy | E209: Zo'r uyin yangisini kutamiz Man sani sigir desam mol ekansanu:):):) | F209: kutamiz | G209: kutmoq | H209: 6) Yoʻlida, hayot yoʻlida roʻpara boʻlmoq, istiqbolida boʻlmoq; qarshilamoq. Darhaqiqat, bizning qarshimizga yoʻlbars chiqsa, biz qattiq qoʻrqamiz,…
A210: 209 | B210: gp_pos_1044 | C210: Google Play | D210: ijobiy | E210: Zo'r uyin yangisini kutamiz Man sani sigir desam mol ekansanu:):):) | F210: mol | G210: mol | H210: 2) Did-fahmsiz, qoʻpol odamga nisbatan haqorat tarzida qoʻllanadi. Juman pismiq, koʻzlarini javdiratganicha turaverdi. -Gapir, mol: — dedi mingboshi. M.… | I210: s. t.
A211: 210 | B211: gp_pos_1045 | C211: Google Play | D211: ijobiy | E211: Ketmoni uchmayotganlar uchun ajoyib o'yin | F211: uchmayotganlar | G211: uchmoq | H211: 5) Havoda kezmoq, parvoz qilmoq (mavhum narsalar haqida). Kuy uzoqdan, boynikidan uchar edi. 6) Juda katta tezlikda harakatlanmoq. Tepalikka uchib chiqayotgan otning tuyogʻi erdan bosh koʻtarib, bugun-erta ochilay deb turgan lola gʻunchasini…
A212: 211 | B212: gp_pos_1045 | C212: Google Play | D212: ijobiy | E212: Ketmoni uchmayotganlar uchun ajoyib o'yin | F212: o'yin | G212: oʻyin | H212: 5) Parvoz vaqtida shox urib (tashlab) qilinadigan engil, yoqimli harakat. 7) Betartib, biroq oʻziga xos jozibali harakat (hayvon va narsalar haqida). 8) Ermak tarzidagi harakat, qiliq va sh.k. Achchiq oʻyin shirin turmushni buzar. Maqol.
A213: 212 | B213: gp_pos_1057 | C213: Google Play | D213: ijobiy | E213: Uni yaxshi ko'rganman), albatta, kulgili va yoqimli o'yin | F213: o'yin | G213: oʻyin | H213: 5) Parvoz vaqtida shox urib (tashlab) qilinadigan engil, yoqimli harakat. 7) Betartib, biroq oʻziga xos jozibali harakat (hayvon va narsalar haqida). 8) Ermak tarzidagi harakat, qiliq va sh.k. Achchiq oʻyin shirin turmushni buzar. Maqol.
A214: 213 | B214: gp_pos_1069 | C214: Google Play | D214: ijobiy | E214: Daxshat, ajoyib o'yin | F214: o'yin | G214: oʻyin | H214: 5) Parvoz vaqtida shox urib (tashlab) qilinadigan engil, yoqimli harakat. 7) Betartib, biroq oʻziga xos jozibali harakat (hayvon va narsalar haqida). 8) Ermak tarzidagi harakat, qiliq va sh.k. Achchiq oʻyin shirin turmushni buzar. Maqol.
A215: 214 | B215: gp_pos_1077 | C215: Google Play | D215: ijobiy | E215: Dddaaaxxxsshhtttuuu besh yulduz emas, 15yulduz berish kere!!! | F215: yulduz | G215: yulduz | H215: 3) Mashhur boʻlib tanilgan, shuhrat qozongan shaxs haqida.
A216: 215 | B216: gp_pos_1080 | C216: Google Play | D216: ijobiy | E216: Abdullajon Abdullajon dan olingan ovozlar daxshat | F216: ovozlar | G216: ovoz | H216: 5) Fikr, mulohaza. Sharq yozuvchilarining ovozi. shish – Sizga oʻxshash dallollarga hojat yoʻq. Siz xalq boʻronini toʻsmoqchimisiz Ovozini…
A217: 216 | B217: gp_pos_1095 | C217: Google Play | D217: ijobiy | E217: Sherlar | F217: sherlar | G217: sher | H217: 2) Shaxsni sherga nisbatlab ataydi (kazamat, botir xpolvone maʼnosida).
A218: 217 | B218: gp_pos_1098 | C218: Google Play | D218: ijobiy | E218: Ajoyib, lekin bu erda kichik bir xato Men ulardan birining on-layn kanallarini o'ynaganimda va yuklamasdan oldin men orqaga qaytib tugmani qo'shmoqchiman. Natijada fonda o'ynaydi. So'ngra men keyingi kanalga qo'shilaman, ikkala kanal ham bir vaqtning o'zida ijro etiladi | F218: kanallarini | G218: kanal | H218: 4) Biror narsaga erishish, etishish yoʻli, vositasi. Diplomatik kanal orqali ish olib bormoq.
A219: 218 | B219: gp_pos_1098 | C219: Google Play | D219: ijobiy | E219: Ajoyib, lekin bu erda kichik bir xato Men ulardan birining on-layn kanallarini o'ynaganimda va yuklamasdan oldin men orqaga qaytib tugmani qo'shmoqchiman. Natijada fonda o'ynaydi. So'ngra men keyingi kanalga qo'shilaman, ikkala kanal ham bir vaqtning o'zida ijro etiladi | F219: yuklamasdan | G219: yuklamoq | H219: 2) Vazifa yoki ish topshirmoq, zimmasiga qoʻymoq; ortmoq.
A220: 219 | B220: gp_pos_1098 | C220: Google Play | D220: ijobiy | E220: Ajoyib, lekin bu erda kichik bir xato Men ulardan birining on-layn kanallarini o'ynaganimda va yuklamasdan oldin men orqaga qaytib tugmani qo'shmoqchiman. Natijada fonda o'ynaydi. So'ngra men keyingi kanalga qo'shilaman, ikkala kanal ham bir vaqtning o'zida ijro etiladi | F220: orqaga | G220: orqa | H220: 6) Homiy, suyanchiq, tirak. Togʻdan orqasi boʻlganning toshdan yuragi boʻlar. Maqol. Orqa qilmoq Biror shaxs yordamiga, himoyasiga, kuchiga ishonmoq,…
A221: 220 | B221: gp_pos_1098 | C221: Google Play | D221: ijobiy | E221: Ajoyib, lekin bu erda kichik bir xato Men ulardan birining on-layn kanallarini o'ynaganimda va yuklamasdan oldin men orqaga qaytib tugmani qo'shmoqchiman. Natijada fonda o'ynaydi. So'ngra men keyingi kanalga qo'shilaman, ikkala kanal ham bir vaqtning o'zida ijro etiladi | F221: qaytib | G221: qaytmoq | H221: 2) Yana oldin boʻlgan ishga, aytilgan gap, fikr va sh.k. ga kelmoq. Lirik chekinishdan keyin asosiy mavzuga qaytmoq. shi ajoyib zamondoshimizning…
A222: 221 | B222: gp_pos_1098 | C222: Google Play | D222: ijobiy | E222: Ajoyib, lekin bu erda kichik bir xato Men ulardan birining on-layn kanallarini o'ynaganimda va yuklamasdan oldin men orqaga qaytib tugmani qo'shmoqchiman. Natijada fonda o'ynaydi. So'ngra men keyingi kanalga qo'shilaman, ikkala kanal ham bir vaqtning o'zida ijro etiladi | F222: tugmani | G222: tugmoq | H222: 4) Yigmoq, toʻplab gʻamlamoq. Topganini tugadi.
... A236: 235 | B236: gp_pos_1137 | C236: Google Play | D236: ijobiy | E236: Yaxshi Yanada koproq yangiliklar kutib qolamiz | F236: kutib | G236: kutmoq | H236: 6) Yoʻlida, hayot yoʻlida roʻpara boʻlmoq, istiqbolida boʻlmoq; qarshilamoq. Darhaqiqat, bizning qarshimizga yoʻlbars chiqsa, biz qattiq qoʻrqamiz,…
A237: 236 | B237: gp_pos_1146 | C237: Google Play | D237: ijobiy | E237: Ajoyib dastur Tuner sotib olishning hojati yo'q. Rahmatlar. | F237: sotib | G237: sotmoq | H237: 2) Sotqinlik, xoinlik qilmoq. | I237: nafr.
A238: 237 | B238: gp_pos_1146 | C238: Google Play | D238: ijobiy | E238: Ajoyib dastur Tuner sotib olishning hojati yo'q. Rahmatlar. | F238: hojati | G238: hojat | H238: 3) Tabiiy ehtiyojdan boʻshalish, yozilish.
A239: 238 | B239: gp_pos_1150 | C239: Google Play | D239: ijobiy | E239: Ajoyib! Daxshat, ajoyib dasturiy ta'minot! Men ko'proq filmlar qo'shishni maslahat beraman. Televizorni tomosha qila olmagan ko'pgina filmlarni topdim, biroq baribir o'zbek dasturlari orasida eng yaxshi dastur | F239: taminot | G239: taʼminot | H239: 3) Maʼnaviy ozuqa; dalda; umid. Otasining bu soʻzlari uning 1Otabekning) istiqboli uchun yaxshi tavminotlar berar. | I239: kam qoʻll.
A240: 239 | B240: gp_pos_1161 | C240: Google Play | D240: ijobiy | E240: Super Live TV! Jonli televizorni yuklab olishingiz va kerakli yangiliklarni sinab ko'rishingiz kerak. | F240: olishingiz | G240: olishmoq | H240: 3) Biron-bir toʻsiqni engish, uni bartaraf etish maqsadida tinimsiz harakat qilmoq. 4) Bahslashmoq, haq-huquq talashmoq, tortishmoq; bir-birini engish uchun tirishmoq. Hakimboyvachchaning yaqin doʻstlaridan bir kishi..
A241: 240 | B241: gp_pos_1162 | C241: Google Play | D241: ijobiy | E241: Galaxy S4 Men ushbu ilovani uzoq vaqt davomida qiziqtirgan edim :) Yaxshi ishlaydi. Juda yaxshi | F241: uzoq | G241: uzoq | H241: 4) Bevosita aloqasi, munosabati yoʻq,; aloqasiz.
A242: 241 | B242: gp_pos_1163 | C242: Google Play | D242: ijobiy | E242: Sony Xperia Foydali dastur Mediabay jamoasi! | F242: foydali | G242: foydali | H242: 2) Maʼnaviy jihatdan biror manfaati, nafi tegadigan.
A243: 242 | B243: gp_pos_1164 | C243: Google Play | D243: ijobiy | E243: o'yinchi qaysi tashqi video pleyerni foydalanishi mumkin? | F243: o'yinchi | G243: oʻyin oʻyinchi | H243: 5) Parvoz vaqtida shox urib (tashlab) qilinadigan engil, yoqimli harakat. 7) Betartib, biroq oʻziga xos jozibali harakat (hayvon va narsalar haqida). 8) Ermak tarzidagi harakat, qiliq va sh.k. Achchiq oʻyin shirin turmushni buzar. Maqol. 3) Yaxshi oʻynaydigan (q. oʻyin 5).
A244: 243 | B244: gp_pos_1172 | C244: Google Play | D244: ijobiy | E244: Manga yoqdi HAMMASI AJOYIB. Qoyil qolsa arzidi | F244: arzidi | G244: arzimoq | H244: 2) Qiymati yoki ahamiyati jihatidan teng kelmoq, baravar boʻlmoq.
...

Sheet Barcha izohlar
A1: № | B1: Izoh ID | C1: Manba | D1: Sentiment | E1: Izoh matni | F1: Moslik bormi | G1: Dataset
A2: 1 | B2: gp_pos_1 | C2: Google Play | D2: ijobiy | E2: Super | F2: yo'q | G2: https://github.com/SanatbekMatlatipov/uzbek-sentiment-analysis
A3: 2 | B3: gp_pos_2 | C3: Google Play | D3: ijobiy | E3: Axa zo'r | F3: yo'q | G3: https://github.com/SanatbekMatlatipov/uzbek-sentiment-analysis
A4: 3 | B4: gp_pos_3 | C4: Google Play | D4: ijobiy | E4: Barakalla! Yaxshi tashkil etilgan va ko'rsatma berildi. Yangi yilingiz bilan! | F4: ha | G4: https://github.com/SanatbekMatlatipov/uzbek-sentiment-analysis
A5: 4 | B5: gp_pos_4 | C5: Google Play | D5: ijobiy | E5: Ajoyib application Gap bolishi mumkinmas. Juda ham zo'r | F5: ha | G5: https://github.com/SanatbekMatlatipov/uzbek-sentiment-analysis
A6: 5 | B6: gp_pos_5 | C6: Google Play | D6: ijobiy | E6: Juda zo'r Ovqat jonu dilim | F6: ha | G6: https://github.com/SanatbekMatlatipov/uzbek-sentiment-analysis
A7: 6 | B7: gp_pos_6 | C7: Google Play | D7: ijobiy | E7: Juda foydali dastur. Rahmat | F7: ha | G7: https://github.com/SanatbekMatlatipov/uzbek-sentiment-analysis
A8: 7 | B8: gp_pos_7 | C8: Google Play | D8: ijobiy | E8: Judayam ajoyib dastur ekan! Turmush o'rtog'imga ham juda yoqdi, endi judayam mazali taomlar retseptini qulaygina o'rganib olish mumkin. Dastur mualliflariga tashakkur! OMAD! | F8: ha | G8: https://github.com/SanatbekMatlatipov/uzbek-sentiment-analysis
A9: 8 | B9: gp_pos_8 | C9: Google Play | D9: ijobiy | E9: Ajoyib Alloh rozi bo'lsin, juda hayrli ish qilibsizlar. Aynan shunday app kerek edi... | F9: yo'q | G9: https://github.com/SanatbekMatlatipov/uzbek-sentiment-analysis
A10: 9 | B10: gp_pos_9 | C10: Google Play | D10: ijobiy | E10: OZBEK TAOMLARI DUNYODA ENG zo'r! Ushbu dastur bizning ozbek taomlarini dunyoga tanitadi degan umiddaman. Mualiflarga rahmat! | F10: yo'q | G10: https://github.com/SanatbekMatlatipov/uzbek-sentiment-analysis
A11: 10 | B11: gp_pos_10 | C11: Google Play | D11: ijobiy | E11: Yoqdi Juda yaxshi app bo'lgan Ayniqsa chet elliklarga ko'rsatishga juda qulay. Developerlarga Omads! | F11: ha | G11: https://github.com/SanatbekMatlatipov/uzbek-sentiment-analysis
A12: 11 | B12: gp_pos_11 | C12: Google Play | D12: ijobiy | E12: E qoyil gap yo'q zo'r chiqibti | F12: yo'q | G12: https://github.com/SanatbekMatlatipov/uzbek-sentiment-analysis
A13: 12 | B13: gp_pos_12 | C13: Google Play | D13: ijobiy | E13: Gap yo'q oma qoil eng zo'r dastur | F13: yo'q | G13: https://github.com/SanatbekMatlatipov/uzbek-sentiment-analysis
... A5371: 5370 | B5371: rest_2610#8 | C5371: Restoran | D5371: salbiy | E5371: Bu katta kamchilik. | F5371: ha | G5371: https://github.com/SanatbekMatlatipov/UzABSA
